-- MySQL dump 10.13  Distrib 8.0.34, for Win64 (x86_64)
--
-- Host: localhost    Database: final
-- ------------------------------------------------------
-- Server version	8.0.34

/*!40101 SET @OLD_CHARACTER_SET_CLIENT=@@CHARACTER_SET_CLIENT */;
/*!40101 SET @OLD_CHARACTER_SET_RESULTS=@@CHARACTER_SET_RESULTS */;
/*!40101 SET @OLD_COLLATION_CONNECTION=@@COLLATION_CONNECTION */;
/*!50503 SET NAMES utf8 */;
/*!40103 SET @OLD_TIME_ZONE=@@TIME_ZONE */;
/*!40103 SET TIME_ZONE='+00:00' */;
/*!40014 SET @OLD_UNIQUE_CHECKS=@@UNIQUE_CHECKS, UNIQUE_CHECKS=0 */;
/*!40014 SET @OLD_FOREIGN_KEY_CHECKS=@@FOREIGN_KEY_CHECKS, FOREIGN_KEY_CHECKS=0 */;
/*!40101 SET @OLD_SQL_MODE=@@SQL_MODE, SQL_MODE='NO_AUTO_VALUE_ON_ZERO' */;
/*!40111 SET @OLD_SQL_NOTES=@@SQL_NOTES, SQL_NOTES=0 */;

--
-- Table structure for table `coach`
--

DROP TABLE IF EXISTS `coach`;
/*!40101 SET @saved_cs_client     = @@character_set_client */;
/*!50503 SET character_set_client = utf8mb4 */;
CREATE TABLE `coach` (
  `coach_id` varchar(20) NOT NULL,
  `train_id` varchar(20) DEFAULT NULL,
  `mileage` int DEFAULT NULL,
  `month` int DEFAULT NULL,
  PRIMARY KEY (`coach_id`),
  KEY `train_id` (`train_id`),
  CONSTRAINT `coach_ibfk_1` FOREIGN KEY (`train_id`) REFERENCES `trains` (`train_id`)
) ENGINE=InnoDB DEFAULT CHARSET=utf8mb4 COLLATE=utf8mb4_0900_ai_ci;
/*!40101 SET character_set_client = @saved_cs_client */;

--
-- Dumping data for table `coach`
--

LOCK TABLES `coach` WRITE;
/*!40000 ALTER TABLE `coach` DISABLE KEYS */;
INSERT INTO `coach` VALUES ('ch001','t001',2500,9),('ch002','t001',4200,9),('ch003','t001',3200,9),('ch004','t001',1800,9),('ch005','t001',4900,9),('ch006','t002',3800,9),('ch007','t002',4500,9),('ch008','t002',2100,9),('ch009','t002',4700,9),('ch010','t002',2900,9),('ch011','t003',4200,10),('ch012','t003',3200,10),('ch013','t003',4800,10),('ch014','t003',3900,10),('ch015','t003',4900,10),('ch016','t004',2400,10),('ch017','t004',3600,10),('ch018','t004',1800,10),('ch019','t004',4200,10),('ch020','t004',4800,10),('ch021','t005',2100,11),('ch022','t005',3800,11),('ch023','t005',2800,11),('ch024','t005',1400,11),('ch025','t005',3900,11),('ch026','t006',2800,11),('ch027','t006',3500,11),('ch028','t006',1100,11),('ch029','t006',3700,11),('ch030','t006',1900,11),('ch031','t007',3200,9),('ch032','t007',2200,9),('ch033','t007',3800,9),('ch034','t007',2900,9),('ch035','t007',3900,9),('ch036','t008',1400,9),('ch037','t008',2600,9),('ch038','t008',800,9),('ch039','t008',3200,9),('ch040','t008',3800,9),('ch041','t009',1200,10),('ch042','t009',2900,10),('ch043','t009',1900,10),('ch044','t009',500,10),('ch045','t009',2900,10),('ch046','t010',1800,10),('ch047','t010',2500,10),('ch048','t010',900,10),('ch049','t010',2700,10),('ch050','t010',900,10),('ch051','t011',2200,11),('ch052','t011',1200,11),('ch053','t011',2900,11),('ch054','t011',2000,11),('ch055','t011',3000,11),('ch056','t012',400,11),('ch057','t012',2200,11),('ch058','t012',400,11),('ch059','t012',2900,11),('ch060','t012',2500,11),('ch061','t013',500,9),('ch062','t013',1700,9),('ch063','t013',700,9),('ch064','t013',1500,9),('ch065','t013',2700,9),('ch066','t014',1600,9),('ch067','t014',2300,9),('ch068','t014',100,9),('ch069','t014',2200,9),('ch070','t014',500,9),('ch071','t015',1200,10),('ch072','t015',500,10),('ch073','t015',1700,10),('ch074','t015',600,10),('ch075','t015',2000,10),('ch076','t016',300,10),('ch077','t016',1700,10),('ch078','t016',300,10),('ch079','t016',1800,10),('ch080','t016',1600,10),('ch081','t017',800,11),('ch082','t017',1500,11),('ch083','t017',300,11),('ch084','t017',1100,11),('ch085','t017',2200,11),('ch086','t018',1300,11),('ch087','t018',2000,11),('ch088','t018',700,11),('ch089','t018',1900,11),('ch090','t018',700,11),('ch091','t019',1400,10),('ch092','t019',700,10),('ch093','t019',1500,10),('ch094','t019',800,10),('ch095','t019',1800,10),('ch096','t020',300,10),('ch097','t020',1200,10),('ch098','t020',300,10),('ch099','t020',900,10),('ch100','t020',800,10);
/*!40000 ALTER TABLE `coach` ENABLE KEYS */;
UNLOCK TABLES;

--
-- Table structure for table `contains`
--

DROP TABLE IF EXISTS `contains`;
/*!40101 SET @saved_cs_client     = @@character_set_client */;
/*!50503 SET character_set_client = utf8mb4 */;
CREATE TABLE `contains` (
  `coach_id` varchar(20) NOT NULL,
  `train_id` varchar(20) NOT NULL,
  PRIMARY KEY (`coach_id`,`train_id`)
) ENGINE=InnoDB DEFAULT CHARSET=utf8mb4 COLLATE=utf8mb4_0900_ai_ci;
/*!40101 SET character_set_client = @saved_cs_client */;

--
-- Dumping data for table `contains`
--

LOCK TABLES `contains` WRITE;
/*!40000 ALTER TABLE `contains` DISABLE KEYS */;
INSERT INTO `contains` VALUES ('ch001','t001'),('ch002','t001'),('ch003','t001'),('ch004','t001'),('ch005','t001'),('ch006','t002'),('ch007','t002'),('ch008','t002'),('ch009','t002'),('ch010','t002'),('ch011','t003'),('ch012','t003'),('ch013','t003'),('ch014','t003'),('ch015','t003'),('ch016','t004'),('ch017','t004'),('ch018','t004'),('ch019','t004'),('ch020','t004'),('ch021','t005'),('ch022','t005'),('ch023','t005'),('ch024','t005'),('ch025','t005'),('ch026','t006'),('ch027','t006'),('ch028','t006'),('ch029','t006'),('ch030','t006'),('ch031','t007'),('ch032','t007'),('ch033','t007'),('ch034','t007'),('ch035','t007'),('ch036','t008'),('ch037','t008'),('ch038','t008'),('ch039','t008'),('ch040','t008'),('ch041','t009'),('ch042','t009'),('ch043','t009'),('ch044','t009'),('ch045','t009'),('ch046','t010'),('ch047','t010'),('ch048','t010'),('ch049','t010'),('ch050','t010'),('ch051','t011'),('ch052','t011'),('ch053','t011'),('ch054','t011'),('ch055','t011'),('ch056','t012'),('ch057','t012'),('ch058','t012'),('ch059','t012'),('ch060','t012'),('ch061','t013'),('ch062','t013'),('ch063','t013'),('ch064','t013'),('ch065','t013'),('ch066','t014'),('ch067','t014'),('ch068','t014'),('ch069','t014'),('ch070','t014'),('ch071','t015'),('ch072','t015'),('ch073','t015'),('ch074','t015'),('ch075','t015'),('ch076','t016'),('ch077','t016'),('ch078','t016'),('ch079','t016'),('ch080','t016'),('ch081','t017'),('ch082','t017'),('ch083','t017'),('ch084','t017'),('ch085','t017'),('ch086','t018'),('ch087','t018'),('ch088','t018'),('ch089','t018'),('ch090','t018'),('ch091','t019'),('ch092','t019'),('ch093','t019'),('ch094','t019'),('ch095','t019'),('ch096','t020'),('ch097','t020'),('ch098','t020'),('ch099','t020'),('ch100','t020');
/*!40000 ALTER TABLE `contains` ENABLE KEYS */;
UNLOCK TABLES;

--
-- Table structure for table `goes_to`
--

DROP TABLE IF EXISTS `goes_to`;
/*!40101 SET @saved_cs_client     = @@character_set_client */;
/*!50503 SET character_set_client = utf8mb4 */;
CREATE TABLE `goes_to` (
  `schedule_id` varchar(20) DEFAULT NULL,
  `train_id` varchar(20) DEFAULT NULL,
  `route_id` varchar(20) DEFAULT NULL,
  `act_arrival_time` time DEFAULT NULL,
  `act_reach_time` time DEFAULT NULL,
  `is_late` varchar(20) DEFAULT NULL,
  KEY `route_id` (`route_id`),
  KEY `schedule_id` (`schedule_id`),
  KEY `goes_to_ibfk_2` (`train_id`),
  CONSTRAINT `goes_to_ibfk_1` FOREIGN KEY (`schedule_id`) REFERENCES `schedule` (`schedule_id`),
  CONSTRAINT `goes_to_ibfk_2` FOREIGN KEY (`train_id`) REFERENCES `trains` (`train_id`),
  CONSTRAINT `goes_to_ibfk_3` FOREIGN KEY (`route_id`) REFERENCES `route` (`route_id`),
  CONSTRAINT `goes_to_ibfk_4` FOREIGN KEY (`schedule_id`) REFERENCES `schedule` (`schedule_id`)
) ENGINE=InnoDB DEFAULT CHARSET=utf8mb4 COLLATE=utf8mb4_0900_ai_ci;
/*!40101 SET character_set_client = @saved_cs_client */;

--
-- Dumping data for table `goes_to`
--

LOCK TABLES `goes_to` WRITE;
/*!40000 ALTER TABLE `goes_to` DISABLE KEYS */;
INSERT INTO `goes_to` VALUES ('sch0011','t018','r003','09:45:00','13:00:00','No'),('sch0039','t018','r043','15:20:00','18:45:00','No'),('sch0002','t017','r030','12:00:00','16:30:00','No'),('sch0048','t020','r035','08:30:00','12:15:00','No'),('sch0004','t002','r050','14:10:00','18:20:00','No'),('sch0022','t002','r004','10:45:00','14:50:00','yes'),('sch0007','t007','r029','17:00:00','21:45:00','No'),('sch0028','t011','r016','11:30:00','15:45:00','No'),('sch0047','t020','r045','13:20:00','17:00:00','yes'),('sch0040','t018','r043','08:15:00','11:30:00','No'),('sch0012','t013','r007','16:40:00','20:15:00','yes'),('sch0029','t018','r007','10:00:00','13:45:00','yes'),('sch0038','t019','r018','14:55:00','18:45:00','No'),('sch0031','t010','r006','12:30:00','16:00:00','No'),('sch0033','t018','r033','08:45:00','12:30:00','No'),('sch0036','t002','r026','17:20:00','21:15:00','No'),('sch0046','t005','r022','11:15:00','15:30:00','No'),('sch0014','t008','r023','13:40:00','17:20:00','No'),('sch0008','t018','r021','09:30:00','13:15:00','No'),('sch0016','t005','r035','16:05:00','20:20:00','No'),('sch0001','t018','r020','10:20:00','14:00:00','No'),('sch0013','t013','r010','15:30:00','19:10:00','No'),('sch0030','t012','r001','12:45:00','17:00:00','yes'),('sch0003','t001','r023','08:00:00','11:45:00','No'),('sch0023','t020','r037','17:15:00','21:30:00','No'),('sch0043','t016','r037','13:50:00','17:25:00','No'),('sch0049','t002','r010','09:10:00','12:55:00','No'),('sch0010','t018','r011','15:40:00','19:50:00','yes'),('sch0041','t020','r038','11:25:00','15:15:00','No'),('sch0024','t002','r041','14:15:00','18:30:00','No'),('sch0009','t020','r014','10:50:00','14:25:00','No'),('sch0015','t018','r008','16:25:00','20:15:00','No'),('sch0045','t020','r019','12:20:00','16:00:00','No'),('sch0021','t019','r009','08:35:00','12:20:00','No'),('sch0027','t020','r035','17:10:00','21:25:00','No'),('sch0050','t003','r016','11:05:00','14:45:00','No'),('sch0005','t014','r034','14:45:00','18:30:00','No'),('sch0006','t018','r039','09:30:00','13:15:00','No'),('sch0026','t020','r008','16:05:00','19:45:00','No'),('sch0034','t019','r008','10:50:00','14:35:00','No'),('sch0042','t020','r027','13:25:00','17:05:00','No'),('sch0017','t019','r014','09:00:00','12:45:00','No'),('sch0020','t019','r035','17:30:00','21:45:00','No'),('sch0019','t007','r010','11:35:00','16:00:00','yes'),('sch0044','t018','r023','14:55:00','18:40:00','No'),('sch0032','t019','r020','10:30:00','14:15:00','No'),('sch0035','t019','r024','16:15:00','19:55:00','yes'),('sch0018','t002','r017','12:40:00','16:25:00','No'),('sch0037','t002','r049','08:25:00','12:30:00','yes'),('sch0025','t008','r038','09:00:00','12:30:00','yes');
/*!40000 ALTER TABLE `goes_to` ENABLE KEYS */;
UNLOCK TABLES;

--
-- Table structure for table `maintenance`
--

DROP TABLE IF EXISTS `maintenance`;
/*!40101 SET @saved_cs_client     = @@character_set_client */;
/*!50503 SET character_set_client = utf8mb4 */;
CREATE TABLE `maintenance` (
  `maintenance_id` varchar(20) NOT NULL,
  `coach_id` varchar(20) DEFAULT NULL,
  `last_mentenance_date` date DEFAULT NULL,
  `next_mentenance_date` date DEFAULT NULL,
  PRIMARY KEY (`maintenance_id`),
  KEY `coach_id` (`coach_id`),
  CONSTRAINT `maintenance_ibfk_1` FOREIGN KEY (`coach_id`) REFERENCES `coach` (`coach_id`)
) ENGINE=InnoDB DEFAULT CHARSET=utf8mb4 COLLATE=utf8mb4_0900_ai_ci;
/*!40101 SET character_set_client = @saved_cs_client */;

--
-- Dumping data for table `maintenance`
--

LOCK TABLES `maintenance` WRITE;
/*!40000 ALTER TABLE `maintenance` DISABLE KEYS */;
INSERT INTO `maintenance` VALUES ('m001','ch001','2023-01-15','2023-07-15'),('m002','ch002','2023-02-22','2023-08-22'),('m003','ch003','2023-03-10','2023-09-10'),('m004','ch004','2023-04-05','2023-10-05'),('m005','ch005','2023-05-18','2023-11-18'),('m006','ch006','2023-06-29','2023-12-29'),('m007','ch007','2023-07-14','2024-01-14'),('m008','ch008','2023-08-21','2024-02-21'),('m009','ch009','2023-09-02','2024-03-02'),('m010','ch010','2023-10-11','2024-04-11'),('m011','ch011','2023-11-23','2024-05-23'),('m012','ch012','2023-12-08','2024-06-08'),('m013','ch013','2024-01-17','2024-07-17'),('m014','ch014','2024-02-29','2024-08-29'),('m015','ch015','2024-03-05','2024-09-05'),('m016','ch016','2024-04-19','2024-10-19'),('m017','ch017','2024-05-27','2024-11-27'),('m018','ch018','2024-06-15','2024-12-15'),('m019','ch019','2024-07-24','2025-01-24'),('m020','ch020','2024-08-09','2025-02-09'),('m021','ch021','2023-01-03','2023-07-03'),('m022','ch022','2023-02-18','2023-08-18'),('m023','ch023','2023-03-06','2023-09-06'),('m024','ch024','2023-04-01','2023-10-01'),('m025','ch025','2023-05-14','2023-11-14'),('m026','ch026','2023-06-25','2023-12-25'),('m027','ch027','2023-07-10','2024-01-10'),('m028','ch028','2023-08-17','2024-02-17'),('m029','ch029','2023-08-29','2024-02-29'),('m030','ch030','2023-10-08','2024-04-08'),('m031','ch031','2023-11-20','2024-05-20'),('m032','ch032','2023-12-05','2024-06-05'),('m033','ch033','2024-01-14','2024-07-14'),('m034','ch034','2024-02-26','2024-08-26'),('m035','ch035','2024-03-03','2024-09-03'),('m036','ch036','2024-04-17','2024-10-17'),('m037','ch037','2024-05-25','2024-11-25'),('m038','ch038','2024-06-12','2024-12-12'),('m039','ch039','2024-07-21','2025-01-21'),('m040','ch040','2024-08-06','2025-02-06'),('m041','ch041','2023-01-10','2023-07-10'),('m042','ch042','2023-02-25','2023-08-25'),('m043','ch043','2023-03-14','2023-09-14'),('m044','ch044','2023-04-09','2023-10-09'),('m045','ch045','2023-05-22','2023-11-22'),('m046','ch046','2023-07-03','2023-12-03'),('m047','ch047','2023-07-18','2024-01-18'),('m048','ch048','2023-08-25','2024-02-25'),('m049','ch049','2023-09-06','2024-03-06'),('m050','ch050','2023-10-15','2024-04-15'),('m051','ch051','2023-11-27','2024-05-27'),('m052','ch052','2023-12-12','2024-06-12'),('m053','ch053','2024-01-21','2024-07-21'),('m054','ch054','2024-03-04','2024-09-04'),('m055','ch055','2024-03-11','2024-09-11'),('m056','ch056','2024-04-24','2024-10-24'),('m057','ch057','2024-06-01','2024-12-01'),('m058','ch058','2024-06-19','2024-12-19'),('m059','ch059','2024-07-28','2025-01-28'),('m060','ch060','2024-08-12','2025-02-12'),('m061','ch061','2023-01-08','2023-07-08'),('m062','ch062','2023-02-23','2023-08-23'),('m063','ch063','2023-03-13','2023-09-13'),('m064','ch064','2023-04-07','2023-10-07'),('m065','ch065','2023-05-20','2023-11-20'),('m066','ch066','2023-07-01','2023-12-01'),('m067','ch067','2023-07-16','2024-01-16'),('m068','ch068','2023-08-23','2024-02-23'),('m069','ch069','2023-09-04','2024-03-04'),('m070','ch070','2023-10-13','2024-04-13'),('m071','ch071','2023-11-25','2024-05-25'),('m072','ch072','2023-12-10','2024-06-10'),('m073','ch073','2024-01-19','2024-07-19'),('m074','ch074','2024-03-02','2024-09-02'),('m075','ch075','2024-03-09','2024-09-09'),('m076','ch076','2024-04-22','2024-10-22'),('m077','ch077','2024-05-30','2024-11-30'),('m078','ch078','2024-06-17','2024-12-17'),('m079','ch079','2024-07-26','2025-01-26'),('m080','ch080','2024-08-10','2025-02-10'),('m081','ch081','2023-01-05','2023-07-05'),('m082','ch082','2023-02-20','2023-08-20'),('m083','ch083','2023-03-09','2023-09-09'),('m084','ch084','2023-04-04','2023-10-04'),('m085','ch085','2023-05-17','2023-11-17'),('m086','ch086','2023-06-28','2023-12-28'),('m087','ch087','2023-07-13','2024-01-13'),('m088','ch088','2023-08-20','2024-02-20'),('m089','ch089','2023-09-01','2024-03-01'),('m090','ch090','2023-10-10','2024-04-10'),('m091','ch091','2023-11-22','2024-05-22'),('m092','ch092','2023-12-07','2024-06-07'),('m093','ch093','2024-01-16','2024-07-16'),('m094','ch094','2024-02-28','2024-08-28'),('m095','ch095','2024-03-06','2024-09-06'),('m096','ch096','2023-03-06','2023-06-09'),('m097','ch097','2023-03-20','2023-06-20'),('m098','ch098','2023-03-21','2023-06-21'),('m099','ch099','2023-03-22','2023-06-22'),('m100','ch100','2023-03-23','2023-06-23');
/*!40000 ALTER TABLE `maintenance` ENABLE KEYS */;
UNLOCK TABLES;

--
-- Table structure for table `passenger`
--

DROP TABLE IF EXISTS `passenger`;
/*!40101 SET @saved_cs_client     = @@character_set_client */;
/*!50503 SET character_set_client = utf8mb4 */;
CREATE TABLE `passenger` (
  `pass_id` varchar(20) NOT NULL,
  `pass_name` varchar(20) DEFAULT NULL,
  `pass_contact` int DEFAULT NULL,
  `age` int DEFAULT NULL,
  `type` varchar(100) DEFAULT NULL,
  PRIMARY KEY (`pass_id`)
) ENGINE=InnoDB DEFAULT CHARSET=utf8mb4 COLLATE=utf8mb4_0900_ai_ci;
/*!40101 SET character_set_client = @saved_cs_client */;

--
-- Dumping data for table `passenger`
--

LOCK TABLES `passenger` WRITE;
/*!40000 ALTER TABLE `passenger` DISABLE KEYS */;
INSERT INTO `passenger` VALUES ('p001','John Doe',123,35,'adult'),('p002','Jane Smith',987,30,'adult'),('p003','Michael Johnson',555,45,'adult'),('p004','Emily Davis',111,28,'adult'),('p005','Chris Wilson',444,12,'child'),('p006','Sarah Brown',777,9,'child'),('p007','David Miller',222,40,'adult'),('p008','Amy Taylor',666,32,'adult'),('p009','Brian White',999,8,'child'),('p010','Lisa Anderson',333,27,'adult'),('p011','Mark Turner',888,38,'adult'),('p012','Julia Garcia',456,7,'child'),('p013','Kevin Brown',321,42,'adult'),('p014','Anna Martinez',789,31,'adult'),('p015','Robert Johnson',234,26,'adult'),('p016','Megan Davis',567,33,'adult'),('p017','James Wilson',123,48,'adult'),('p018','Amanda White',345,11,'child'),('p019','Matthew Smith',678,37,'adult'),('p020','Olivia Taylor',901,28,'adult'),('p021','Christopher Lee',345,39,'adult'),('p022','Emma Walker',567,6,'child'),('p023','Brandon Clark',789,41,'adult'),('p024','Sophia Turner',234,30,'adult'),('p025','Michaela Brown',456,35,'adult'),('p026','Daniel Davis',678,9,'child'),('p027','Grace Wilson',890,32,'adult'),('p028','Justin White',123,44,'adult'),('p029','Ella Martinez',345,75,'senior_citizen'),('p030','Andrew Johnson',567,37,'adult'),('p031','Chloe Smith',789,11,'child'),('p032','Ryan Taylor',12,40,'adult'),('p033','Isabella Wilson',234,9,'child'),('p034','Jeffrey Clark',456,49,'adult'),('p035','Natalie Turner',678,8,'child'),('p036','Jeremy Davis',890,36,'adult'),('p037','Lily Brown',123,66,'senior_citizen'),('p038','Carlos Smith',345,38,'adult'),('p039','Kylie Martinez',567,70,'senior_citizen'),('p040','Tyler Johnson',789,42,'adult'),('p041','Abigail Taylor',12,7,'child'),('p042','Dylan White',234,33,'adult'),('p043','Samantha Wilson',456,10,'child'),('p044','Aiden Turner',678,6,'child'),('p045','Sophie Davis',890,31,'adult'),('p046','Logan Brown',123,48,'adult'),('p047','Evelyn Smith',345,75,'senior_citizen'),('p048','Jackson Martinez',567,37,'adult'),('p049','Harper Johnson',789,78,'senior_citizen'),('p050','Owen Taylor',12,39,'adult'),('p051','Addison Wilson',234,30,'adult'),('p052','Nathan Clark',456,45,'adult'),('p053','Zoe Turner',678,67,'senior_citizen'),('p054','Liam Davis',890,35,'adult'),('p055','Ava Brown',123,6,'child'),('p056','Cooper Smith',345,41,'adult'),('p057','Emily Martinez',567,70,'senior_citizen'),('p058','Ethan Johnson',789,66,'senior_citizen'),('p059','Charlotte Taylor',12,37,'adult'),('p060','Mason Wilson',234,75,'senior_citizen'),('p061','Scarlett Clark',456,38,'adult'),('p062','Jack Turner',678,7,'child'),('p063','Hannah Davis',890,32,'adult'),('p064','David Smith',123,43,'adult'),('p065','Leah Martinez',345,78,'senior_citizen'),('p066','Connor Johnson',567,6,'child'),('p067','Lillian Taylor',789,28,'adult'),('p068','Gavin Wilson',12,39,'adult'),('p069','Isaac Clark',234,70,'senior_citizen'),('p070','Avery Turner',456,66,'senior_citizen'),('p071','Ella Davis',678,8,'child'),('p072','Brayden Smith',890,70,'senior_citizen'),('p073','Mia Martinez',123,75,'senior_citizen'),('p074','Caleb Johnson',345,6,'child'),('p075','Sofia Taylor',567,48,'adult'),('p076','Lucas Wilson',789,67,'senior_citizen'),('p077','Evelyn Clark',12,66,'senior_citizen'),('p078','Aiden Turner',234,70,'senior_citizen'),('p079','Aria Davis',456,6,'child'),('p080','Nolan Smith',678,66,'senior_citizen'),('p081','Audrey Martinez',890,78,'senior_citizen'),('p082','Landon Johnson',123,8,'child'),('p083','Aaliyah Taylor',345,75,'senior_citizen'),('p084','Grayson Wilson',567,6,'child'),('p085','Sophie Clark',789,7,'child'),('p086','Oliver Turner',12,66,'senior_citizen'),('p087','Amelia Davis',234,6,'child'),('p088','Logan Smith',456,8,'child'),('p089','Lily Johnson',678,9,'child'),('p090','Mason Taylor',890,78,'senior_citizen'),('p091','Zoe Wilson',123,66,'senior_citizen'),('p092','Liam Clark',345,70,'senior_citizen'),('p093','Emma Turner',567,67,'senior_citizen'),('p094','Jackson Davis',789,7,'child'),('p095','Ava Smith',12,6,'child'),('p096','Olivia Johnson',234,70,'senior_citizen'),('p097','Noah Taylor',456,78,'senior_citizen'),('p098','Isabella Wilson',678,75,'senior_citizen'),('p099','Ethan Clark',890,66,'senior_citizen'),('p100','Sophia Turner',123,7,'child');
/*!40000 ALTER TABLE `passenger` ENABLE KEYS */;
UNLOCK TABLES;

--
-- Table structure for table `route`
--

DROP TABLE IF EXISTS `route`;
/*!40101 SET @saved_cs_client     = @@character_set_client */;
/*!50503 SET character_set_client = utf8mb4 */;
CREATE TABLE `route` (
  `route_id` varchar(20) NOT NULL,
  `distance` int DEFAULT NULL,
  `avg_travel_time` int DEFAULT NULL,
  `operating_days` varchar(50) DEFAULT NULL,
  `starting_station` varchar(20) DEFAULT NULL,
  `last_station` varchar(20) DEFAULT NULL,
  PRIMARY KEY (`route_id`),
  KEY `starting_station` (`starting_station`),
  KEY `last_station` (`last_station`),
  CONSTRAINT `route_ibfk_1` FOREIGN KEY (`starting_station`) REFERENCES `station` (`station_id`),
  CONSTRAINT `route_ibfk_2` FOREIGN KEY (`last_station`) REFERENCES `station` (`station_id`)
) ENGINE=InnoDB DEFAULT CHARSET=utf8mb4 COLLATE=utf8mb4_0900_ai_ci;
/*!40101 SET character_set_client = @saved_cs_client */;

--
-- Dumping data for table `route`
--

LOCK TABLES `route` WRITE;
/*!40000 ALTER TABLE `route` DISABLE KEYS */;
INSERT INTO `route` VALUES ('r001',120,90,'5','st003','st009'),('r002',80,60,'7','st010','st008'),('r003',150,120,'6','st023','st021'),('r004',100,75,'5','st031','st029'),('r005',200,150,'7','st045','st043'),('r006',90,70,'6','st036','st034'),('r007',130,100,'5','st041','st039'),('r008',110,80,'7','st032','st030'),('r009',180,140,'6','st018','st016'),('r010',70,50,'5','st013','st011'),('r011',160,130,'7','st026','st024'),('r012',95,75,'6','st029','st027'),('r013',140,110,'5','st020','st018'),('r014',120,90,'7','st005','st001'),('r015',190,160,'6','st025','st023'),('r016',105,85,'5','st014','st012'),('r017',170,140,'7','st034','st032'),('r018',75,55,'6','st038','st036'),('r019',130,100,'5','st037','st035'),('r020',200,170,'7','st046','st044'),('r021',85,65,'6','st022','st032'),('r022',150,120,'5','st032','st041'),('r023',110,90,'7','st007','st003'),('r024',180,150,'6','st042','st040'),('r025',95,75,'5','st039','st037'),('r026',160,130,'7','st021','st019'),('r027',120,90,'6','st016','st014'),('r028',140,110,'5','st020','st001'),('r029',200,170,'7','st015','st013'),('r030',105,85,'6','st012','st010'),('r031',170,140,'5','st011','st009'),('r032',75,55,'7','st008','st004'),('r033',130,100,'6','st001','st005'),('r034',190,160,'5','st022','st032'),('r035',110,90,'7','st040','st038'),('r036',150,120,'6','st048','st046'),('r037',85,65,'5','st035','st033'),('r038',160,130,'7','st033','st031'),('r039',120,90,'6','st044','st042'),('r040',140,110,'5','st030','st028'),('r041',200,170,'7','st027','st025'),('r042',105,85,'6','st024','st022'),('r043',170,140,'5','st041','st039'),('r044',75,55,'7','st028','st026'),('r045',130,100,'6','st031','st029'),('r046',190,160,'5','st013','st011'),('r047',110,90,'7','st035','st033'),('r048',150,120,'6','st036','st034'),('r049',85,65,'5','st038','st036'),('r050',160,130,'7','st050','st048');
/*!40000 ALTER TABLE `route` ENABLE KEYS */;
UNLOCK TABLES;

--
-- Table structure for table `schedule`
--

DROP TABLE IF EXISTS `schedule`;
/*!40101 SET @saved_cs_client     = @@character_set_client */;
/*!50503 SET character_set_client = utf8mb4 */;
CREATE TABLE `schedule` (
  `schedule_id` varchar(20) NOT NULL,
  `train_id` varchar(20) DEFAULT NULL,
  `route_id` varchar(20) DEFAULT NULL,
  `exp_arrival_time` time DEFAULT NULL,
  `exp_reach_time` time DEFAULT NULL,
  `scheduled_date` date DEFAULT NULL,
  `driver` varchar(20) DEFAULT NULL,
  `co_driver` varchar(20) DEFAULT NULL,
  PRIMARY KEY (`schedule_id`),
  KEY `driver` (`driver`),
  KEY `co_driver` (`co_driver`),
  KEY `route_id` (`route_id`),
  KEY `train_id` (`train_id`),
  CONSTRAINT `schedule_ibfk_1` FOREIGN KEY (`driver`) REFERENCES `staff` (`staff_id`),
  CONSTRAINT `schedule_ibfk_2` FOREIGN KEY (`co_driver`) REFERENCES `staff` (`staff_id`),
  CONSTRAINT `schedule_ibfk_3` FOREIGN KEY (`route_id`) REFERENCES `route` (`route_id`),
  CONSTRAINT `schedule_ibfk_4` FOREIGN KEY (`train_id`) REFERENCES `trains` (`train_id`)
) ENGINE=InnoDB DEFAULT CHARSET=utf8mb4 COLLATE=utf8mb4_0900_ai_ci;
/*!40101 SET character_set_client = @saved_cs_client */;

--
-- Dumping data for table `schedule`
--

LOCK TABLES `schedule` WRITE;
/*!40000 ALTER TABLE `schedule` DISABLE KEYS */;
INSERT INTO `schedule` VALUES ('sch0001','t007','r007','09:00:00','12:00:00','2023-10-10','stf007','stf062'),('sch0002','t003','r007','09:45:00','13:00:00','2023-10-12','stf005','stf010'),('sch0003','t020','r022','15:20:00','18:45:00','2023-10-13','stf025','stf018'),('sch0004','t008','r005','12:00:00','16:30:00','2023-10-10','stf003','stf014'),('sch0005','t020','r012','08:30:00','12:15:00','2023-10-15','stf008','stf019'),('sch0006','t015','r019','14:10:00','18:20:00','2023-10-16','stf012','stf021'),('sch0007','t010','r034','10:45:00','14:30:00','2023-10-10','stf028','stf032'),('sch0008','t020','r021','17:00:00','21:45:00','2023-10-18','stf023','stf036'),('sch0009','t009','r008','11:30:00','15:45:00','2023-10-19','stf002','stf015'),('sch0010','t020','r038','13:20:00','17:00:00','2023-10-10','stf041','stf045'),('sch0011','t011','r021','08:15:00','11:30:00','2023-10-21','stf006','stf009'),('sch0012','t020','r044','16:40:00','20:00:00','2023-10-22','stf016','stf028'),('sch0013','t007','r011','10:00:00','13:45:00','2023-10-23','stf001','stf022'),('sch0014','t020','r015','14:55:00','18:45:00','2023-10-24','stf019','stf033'),('sch0015','t020','r035','12:30:00','16:00:00','2023-10-25','stf014','stf024'),('sch0016','t020','r050','08:45:00','12:30:00','2023-10-26','stf040','stf049'),('sch0017','t001','r021','17:20:00','21:15:00','2023-10-27','stf033','stf046'),('sch0018','t018','r023','11:15:00','15:30:00','2023-10-28','stf011','stf030'),('sch0019','t020','r013','13:40:00','17:20:00','2023-10-29','stf039','stf042'),('sch0020','t014','r049','09:30:00','13:15:00','2023-10-30','stf026','stf031'),('sch0021','t020','r033','16:05:00','20:20:00','2023-10-31','stf035','stf047'),('sch0022','t020','r016','10:20:00','14:00:00','2023-11-01','stf020','stf026'),('sch0023','t020','r047','15:30:00','19:10:00','2023-11-02','stf031','stf044'),('sch0024','t020','r021','12:45:00','16:30:00','2023-11-03','stf015','stf027'),('sch0025','t020','r026','08:00:00','11:45:00','2023-11-04','stf037','stf048'),('sch0026','t005','r030','17:15:00','21:30:00','2023-11-05','stf009','stf013'),('sch0027','t017','r045','13:50:00','17:25:00','2023-11-06','stf014','stf021'),('sch0028','t020','r048','09:10:00','12:55:00','2023-11-07','stf022','stf041'),('sch0029','t016','r046','15:40:00','19:20:00','2023-11-08','stf034','stf038'),('sch0030','t020','r029','11:25:00','15:15:00','2023-11-09','stf017','stf023'),('sch0031','t010','r021','14:15:00','18:30:00','2023-11-10','stf024','stf032'),('sch0032','t020','r018','10:50:00','14:25:00','2023-11-11','stf027','stf035'),('sch0033','t013','r040','16:25:00','20:15:00','2023-11-12','stf029','stf043'),('sch0034','t004','r031','12:20:00','16:00:00','2023-11-13','stf012','stf018'),('sch0035','t020','r043','08:35:00','12:20:00','2023-11-14','stf026','stf036'),('sch0036','t020','r014','17:10:00','21:25:00','2023-11-15','stf030','stf049'),('sch0037','t020','r002','11:05:00','14:45:00','2023-11-16','stf016','stf028'),('sch0038','t019','r004','14:45:00','18:30:00','2023-11-17','stf031','stf046'),('sch0039','t020','r001','09:30:00','13:15:00','2023-11-18','stf047','stf048'),('sch0040','t012','r003','16:05:00','19:45:00','2023-11-19','stf043','stf050'),('sch0041','t002','r010','10:50:00','14:35:00','2023-11-20','stf044','stf037'),('sch0042','t020','r028','13:25:00','17:05:00','2023-11-21','stf039','stf045'),('sch0043','t008','r007','09:00:00','12:45:00','2023-11-22','stf042','stf048'),('sch0044','t018','r025','17:30:00','21:45:00','2023-11-23','stf021','stf033'),('sch0045','t005','r011','11:15:00','15:00:00','2023-11-24','stf025','stf029'),('sch0046','t020','r026','14:55:00','18:40:00','2023-11-25','stf034','stf044'),('sch0047','t020','r042','10:30:00','14:15:00','2023-11-26','stf038','stf040'),('sch0048','t020','r018','16:15:00','19:55:00','2023-11-27','stf027','stf035'),('sch0049','t013','r031','12:40:00','16:25:00','2023-11-28','stf032','stf047'),('sch0050','t020','r044','08:05:00','11:50:00','2023-11-29','stf045','stf049');
/*!40000 ALTER TABLE `schedule` ENABLE KEYS */;
UNLOCK TABLES;

--
-- Table structure for table `seat`
--

DROP TABLE IF EXISTS `seat`;
/*!40101 SET @saved_cs_client     = @@character_set_client */;
/*!50503 SET character_set_client = utf8mb4 */;
CREATE TABLE `seat` (
  `coach_seat_id` varchar(20) NOT NULL,
  `isAvailable` char(1) DEFAULT NULL,
  PRIMARY KEY (`coach_seat_id`)
) ENGINE=InnoDB DEFAULT CHARSET=utf8mb4 COLLATE=utf8mb4_0900_ai_ci;
/*!40101 SET character_set_client = @saved_cs_client */;

--
-- Dumping data for table `seat`
--

LOCK TABLES `seat` WRITE;
/*!40000 ALTER TABLE `seat` DISABLE KEYS */;
INSERT INTO `seat` VALUES ('ch001s01','Y'),('ch001s02','Y'),('ch001s03','Y'),('ch001s04','Y'),('ch001s05','Y'),('ch001s06','Y'),('ch001s07','Y'),('ch001s08','Y'),('ch001s09','Y'),('ch001s10','Y'),('ch001s11','Y'),('ch001s12','Y'),('ch001s13','Y'),('ch001s14','Y'),('ch001s15','Y'),('ch001s16','Y'),('ch001s17','Y'),('ch001s18','Y'),('ch001s19','Y'),('ch001s20','Y'),('ch001s21','Y'),('ch001s22','Y'),('ch001s23','Y'),('ch001s24','Y'),('ch001s25','Y'),('ch001s26','Y'),('ch001s27','Y'),('ch001s28','Y'),('ch001s29','Y'),('ch001s30','Y'),('ch002s01','Y'),('ch002s02','Y'),('ch002s03','Y'),('ch002s04','Y'),('ch002s05','Y'),('ch002s06','Y'),('ch002s07','Y'),('ch002s08','Y'),('ch002s09','Y'),('ch002s10','Y'),('ch002s11','Y'),('ch002s12','Y'),('ch002s13','Y'),('ch002s14','Y'),('ch002s15','N'),('ch002s16','Y'),('ch002s17','Y'),('ch002s18','Y'),('ch002s19','Y'),('ch002s20','Y'),('ch002s21','Y'),('ch002s22','Y'),('ch002s23','Y'),('ch002s24','Y'),('ch002s25','Y'),('ch002s26','Y'),('ch002s27','Y'),('ch002s28','Y'),('ch002s29','Y'),('ch002s30','Y'),('ch003s01','Y'),('ch003s02','Y'),('ch003s03','Y'),('ch003s04','Y'),('ch003s05','Y'),('ch003s06','Y'),('ch003s07','Y'),('ch003s08','Y'),('ch003s09','Y'),('ch003s10','Y'),('ch003s11','N'),('ch003s12','Y'),('ch003s13','Y'),('ch003s14','Y'),('ch003s15','Y'),('ch003s16','Y'),('ch003s17','Y'),('ch003s18','Y'),('ch003s19','Y'),('ch003s20','Y'),('ch003s21','Y'),('ch003s22','Y'),('ch003s23','Y'),('ch003s24','Y'),('ch003s25','Y'),('ch003s26','Y'),('ch003s27','Y'),('ch003s28','Y'),('ch003s29','Y'),('ch003s30','Y'),('ch004s01','Y'),('ch004s02','Y'),('ch004s03','Y'),('ch004s04','Y'),('ch004s05','Y'),('ch004s06','Y'),('ch004s07','Y'),('ch004s08','Y'),('ch004s09','Y'),('ch004s10','Y'),('ch004s11','Y'),('ch004s12','Y'),('ch004s13','Y'),('ch004s14','Y'),('ch004s15','Y'),('ch004s16','Y'),('ch004s17','N'),('ch004s18','Y'),('ch004s19','Y'),('ch004s20','Y'),('ch004s21','Y'),('ch004s22','Y'),('ch004s23','Y'),('ch004s24','Y'),('ch004s25','Y'),('ch004s26','Y'),('ch004s27','Y'),('ch004s28','Y'),('ch004s29','Y'),('ch004s30','Y'),('ch005s01','Y'),('ch005s02','Y'),('ch005s03','Y'),('ch005s04','Y'),('ch005s05','Y'),('ch005s06','Y'),('ch005s07','Y'),('ch005s08','Y'),('ch005s09','Y'),('ch005s10','Y'),('ch005s11','Y'),('ch005s12','Y'),('ch005s13','Y'),('ch005s14','Y'),('ch005s15','Y'),('ch005s16','Y'),('ch005s17','Y'),('ch005s18','Y'),('ch005s19','Y'),('ch005s20','Y'),('ch005s21','Y'),('ch005s22','Y'),('ch005s23','Y'),('ch005s24','Y'),('ch005s25','Y'),('ch005s26','Y'),('ch005s27','Y'),('ch005s28','Y'),('ch005s29','Y'),('ch005s30','Y'),('ch006s01','Y'),('ch006s02','Y'),('ch006s03','Y'),('ch006s04','Y'),('ch006s05','Y'),('ch006s06','Y'),('ch006s07','Y'),('ch006s08','Y'),('ch006s09','Y'),('ch006s10','Y'),('ch006s11','Y'),('ch006s12','Y'),('ch006s13','Y'),('ch006s14','Y'),('ch006s15','Y'),('ch006s16','Y'),('ch006s17','Y'),('ch006s18','Y'),('ch006s19','Y'),('ch006s20','Y'),('ch006s21','N'),('ch006s22','Y'),('ch006s23','Y'),('ch006s24','Y'),('ch006s25','Y'),('ch006s26','Y'),('ch006s27','Y'),('ch006s28','Y'),('ch006s29','Y'),('ch006s30','Y'),('ch007s01','Y'),('ch007s02','Y'),('ch007s03','Y'),('ch007s04','Y'),('ch007s05','Y'),('ch007s06','Y'),('ch007s07','N'),('ch007s08','Y'),('ch007s09','Y'),('ch007s10','Y'),('ch007s11','Y'),('ch007s12','Y'),('ch007s13','Y'),('ch007s14','Y'),('ch007s15','Y'),('ch007s16','Y'),('ch007s17','Y'),('ch007s18','Y'),('ch007s19','Y'),('ch007s20','Y'),('ch007s21','Y'),('ch007s22','Y'),('ch007s23','Y'),('ch007s24','Y'),('ch007s25','Y'),('ch007s26','Y'),('ch007s27','Y'),('ch007s28','Y'),('ch007s29','Y'),('ch007s30','Y'),('ch008s01','Y'),('ch008s02','Y'),('ch008s03','Y'),('ch008s04','Y'),('ch008s05','Y'),('ch008s06','Y'),('ch008s07','N'),('ch008s08','Y'),('ch008s09','Y'),('ch008s10','Y'),('ch008s11','Y'),('ch008s12','Y'),('ch008s13','Y'),('ch008s14','Y'),('ch008s15','Y'),('ch008s16','Y'),('ch008s17','Y'),('ch008s18','Y'),('ch008s19','Y'),('ch008s20','Y'),('ch008s21','Y'),('ch008s22','Y'),('ch008s23','Y'),('ch008s24','Y'),('ch008s25','Y'),('ch008s26','Y'),('ch008s27','Y'),('ch008s28','Y'),('ch008s29','Y'),('ch008s30','Y'),('ch009s01','Y'),('ch009s02','Y'),('ch009s03','Y'),('ch009s04','Y'),('ch009s05','Y'),('ch009s06','Y'),('ch009s07','Y'),('ch009s08','Y'),('ch009s09','Y'),('ch009s10','Y'),('ch009s11','Y'),('ch009s12','Y'),('ch009s13','Y'),('ch009s14','Y'),('ch009s15','Y'),('ch009s16','Y'),('ch009s17','Y'),('ch009s18','Y'),('ch009s19','Y'),('ch009s20','Y'),('ch009s21','Y'),('ch009s22','Y'),('ch009s23','Y'),('ch009s24','Y'),('ch009s25','Y'),('ch009s26','Y'),('ch009s27','Y'),('ch009s28','Y'),('ch009s29','Y'),('ch009s30','Y'),('ch010s01','Y'),('ch010s02','Y'),('ch010s03','Y'),('ch010s04','Y'),('ch010s05','N'),('ch010s06','Y'),('ch010s07','Y'),('ch010s08','Y'),('ch010s09','Y'),('ch010s10','Y'),('ch010s11','Y'),('ch010s12','Y'),('ch010s13','Y'),('ch010s14','Y'),('ch010s15','Y'),('ch010s16','Y'),('ch010s17','Y'),('ch010s18','Y'),('ch010s19','Y'),('ch010s20','Y'),('ch010s21','Y'),('ch010s22','Y'),('ch010s23','Y'),('ch010s24','Y'),('ch010s25','Y'),('ch010s26','Y'),('ch010s27','Y'),('ch010s28','Y'),('ch010s29','Y'),('ch010s30','Y'),('ch011s01','Y'),('ch011s02','Y'),('ch011s03','Y'),('ch011s04','Y'),('ch011s05','Y'),('ch011s06','Y'),('ch011s07','Y'),('ch011s08','Y'),('ch011s09','Y'),('ch011s10','Y'),('ch011s11','Y'),('ch011s12','Y'),('ch011s13','Y'),('ch011s14','Y'),('ch011s15','Y'),('ch011s16','Y'),('ch011s17','Y'),('ch011s18','Y'),('ch011s19','Y'),('ch011s20','Y'),('ch011s21','Y'),('ch011s22','Y'),('ch011s23','Y'),('ch011s24','Y'),('ch011s25','N'),('ch011s26','Y'),('ch011s27','Y'),('ch011s28','Y'),('ch011s29','Y'),('ch011s30','Y'),('ch012s01','Y'),('ch012s02','Y'),('ch012s03','Y'),('ch012s04','Y'),('ch012s05','Y'),('ch012s06','Y'),('ch012s07','Y'),('ch012s08','Y'),('ch012s09','N'),('ch012s10','Y'),('ch012s11','Y'),('ch012s12','Y'),('ch012s13','Y'),('ch012s14','Y'),('ch012s15','Y'),('ch012s16','Y'),('ch012s17','Y'),('ch012s18','Y'),('ch012s19','Y'),('ch012s20','Y'),('ch012s21','Y'),('ch012s22','Y'),('ch012s23','Y'),('ch012s24','Y'),('ch012s25','Y'),('ch012s26','Y'),('ch012s27','Y'),('ch012s28','Y'),('ch012s29','Y'),('ch012s30','Y'),('ch013s01','Y'),('ch013s02','Y'),('ch013s03','Y'),('ch013s04','Y'),('ch013s05','Y'),('ch013s06','Y'),('ch013s07','Y'),('ch013s08','Y'),('ch013s09','Y'),('ch013s10','Y'),('ch013s11','Y'),('ch013s12','Y'),('ch013s13','Y'),('ch013s14','Y'),('ch013s15','Y'),('ch013s16','Y'),('ch013s17','Y'),('ch013s18','Y'),('ch013s19','Y'),('ch013s20','Y'),('ch013s21','Y'),('ch013s22','Y'),('ch013s23','Y'),('ch013s24','Y'),('ch013s25','Y'),('ch013s26','Y'),('ch013s27','Y'),('ch013s28','Y'),('ch013s29','Y'),('ch013s30','Y'),('ch014s01','Y'),('ch014s02','Y'),('ch014s03','Y'),('ch014s04','N'),('ch014s05','Y'),('ch014s06','Y'),('ch014s07','Y'),('ch014s08','Y'),('ch014s09','Y'),('ch014s10','Y'),('ch014s11','Y'),('ch014s12','Y'),('ch014s13','Y'),('ch014s14','Y'),('ch014s15','Y'),('ch014s16','Y'),('ch014s17','Y'),('ch014s18','Y'),('ch014s19','Y'),('ch014s20','Y'),('ch014s21','Y'),('ch014s22','Y'),('ch014s23','Y'),('ch014s24','Y'),('ch014s25','Y'),('ch014s26','Y'),('ch014s27','Y'),('ch014s28','Y'),('ch014s29','Y'),('ch014s30','Y'),('ch015s01','Y'),('ch015s02','Y'),('ch015s03','Y'),('ch015s04','N'),('ch015s05','Y'),('ch015s06','Y'),('ch015s07','Y'),('ch015s08','Y'),('ch015s09','Y'),('ch015s10','Y'),('ch015s11','Y'),('ch015s12','Y'),('ch015s13','Y'),('ch015s14','Y'),('ch015s15','Y'),('ch015s16','Y'),('ch015s17','Y'),('ch015s18','Y'),('ch015s19','Y'),('ch015s20','Y'),('ch015s21','Y'),('ch015s22','Y'),('ch015s23','Y'),('ch015s24','Y'),('ch015s25','Y'),('ch015s26','Y'),('ch015s27','Y'),('ch015s28','Y'),('ch015s29','Y'),('ch015s30','Y'),('ch016s01','Y'),('ch016s02','Y'),('ch016s03','N'),('ch016s04','Y'),('ch016s05','Y'),('ch016s06','Y'),('ch016s07','Y'),('ch016s08','Y'),('ch016s09','Y'),('ch016s10','Y'),('ch016s11','Y'),('ch016s12','Y'),('ch016s13','Y'),('ch016s14','Y'),('ch016s15','Y'),('ch016s16','Y'),('ch016s17','Y'),('ch016s18','Y'),('ch016s19','Y'),('ch016s20','Y'),('ch016s21','Y'),('ch016s22','Y'),('ch016s23','Y'),('ch016s24','Y'),('ch016s25','Y'),('ch016s26','Y'),('ch016s27','Y'),('ch016s28','Y'),('ch016s29','Y'),('ch016s30','Y'),('ch017s01','Y'),('ch017s02','Y'),('ch017s03','Y'),('ch017s04','Y'),('ch017s05','Y'),('ch017s06','Y'),('ch017s07','Y'),('ch017s08','Y'),('ch017s09','Y'),('ch017s10','Y'),('ch017s11','Y'),('ch017s12','Y'),('ch017s13','Y'),('ch017s14','Y'),('ch017s15','Y'),('ch017s16','Y'),('ch017s17','Y'),('ch017s18','Y'),('ch017s19','Y'),('ch017s20','Y'),('ch017s21','Y'),('ch017s22','Y'),('ch017s23','Y'),('ch017s24','Y'),('ch017s25','Y'),('ch017s26','Y'),('ch017s27','Y'),('ch017s28','Y'),('ch017s29','Y'),('ch017s30','Y'),('ch018s01','Y'),('ch018s02','Y'),('ch018s03','Y'),('ch018s04','Y'),('ch018s05','Y'),('ch018s06','Y'),('ch018s07','Y'),('ch018s08','Y'),('ch018s09','Y'),('ch018s10','Y'),('ch018s11','Y'),('ch018s12','Y'),('ch018s13','Y'),('ch018s14','Y'),('ch018s15','Y'),('ch018s16','Y'),('ch018s17','Y'),('ch018s18','Y'),('ch018s19','Y'),('ch018s20','Y'),('ch018s21','Y'),('ch018s22','Y'),('ch018s23','Y'),('ch018s24','Y'),('ch018s25','Y'),('ch018s26','Y'),('ch018s27','Y'),('ch018s28','Y'),('ch018s29','Y'),('ch018s30','N'),('ch019s01','Y'),('ch019s02','Y'),('ch019s03','Y'),('ch019s04','Y'),('ch019s05','Y'),('ch019s06','Y'),('ch019s07','Y'),('ch019s08','Y'),('ch019s09','Y'),('ch019s10','Y'),('ch019s11','Y'),('ch019s12','Y'),('ch019s13','Y'),('ch019s14','Y'),('ch019s15','Y'),('ch019s16','Y'),('ch019s17','Y'),('ch019s18','Y'),('ch019s19','Y'),('ch019s20','Y'),('ch019s21','Y'),('ch019s22','Y'),('ch019s23','N'),('ch019s24','Y'),('ch019s25','Y'),('ch019s26','Y'),('ch019s27','Y'),('ch019s28','Y'),('ch019s29','Y'),('ch019s30','Y'),('ch020s01','Y'),('ch020s02','Y'),('ch020s03','Y'),('ch020s04','Y'),('ch020s05','Y'),('ch020s06','Y'),('ch020s07','Y'),('ch020s08','Y'),('ch020s09','Y'),('ch020s10','N'),('ch020s11','Y'),('ch020s12','Y'),('ch020s13','Y'),('ch020s14','Y'),('ch020s15','Y'),('ch020s16','Y'),('ch020s17','Y'),('ch020s18','Y'),('ch020s19','Y'),('ch020s20','Y'),('ch020s21','Y'),('ch020s22','Y'),('ch020s23','Y'),('ch020s24','Y'),('ch020s25','Y'),('ch020s26','Y'),('ch020s27','Y'),('ch020s28','Y'),('ch020s29','Y'),('ch020s30','Y'),('ch021s01','Y'),('ch021s02','Y'),('ch021s03','Y'),('ch021s04','Y'),('ch021s05','Y'),('ch021s06','Y'),('ch021s07','Y'),('ch021s08','Y'),('ch021s09','Y'),('ch021s10','Y'),('ch021s11','Y'),('ch021s12','Y'),('ch021s13','N'),('ch021s14','Y'),('ch021s15','Y'),('ch021s16','Y'),('ch021s17','Y'),('ch021s18','Y'),('ch021s19','Y'),('ch021s20','Y'),('ch021s21','Y'),('ch021s22','Y'),('ch021s23','Y'),('ch021s24','Y'),('ch021s25','Y'),('ch021s26','Y'),('ch021s27','Y'),('ch021s28','Y'),('ch021s29','Y'),('ch021s30','Y'),('ch022s01','Y'),('ch022s02','Y'),('ch022s03','Y'),('ch022s04','Y'),('ch022s05','Y'),('ch022s06','Y'),('ch022s07','Y'),('ch022s08','Y'),('ch022s09','Y'),('ch022s10','Y'),('ch022s11','N'),('ch022s12','Y'),('ch022s13','Y'),('ch022s14','Y'),('ch022s15','Y'),('ch022s16','Y'),('ch022s17','Y'),('ch022s18','Y'),('ch022s19','N'),('ch022s20','Y'),('ch022s21','Y'),('ch022s22','Y'),('ch022s23','Y'),('ch022s24','Y'),('ch022s25','Y'),('ch022s26','Y'),('ch022s27','Y'),('ch022s28','Y'),('ch022s29','Y'),('ch022s30','Y'),('ch023s01','Y'),('ch023s02','Y'),('ch023s03','Y'),('ch023s04','Y'),('ch023s05','Y'),('ch023s06','Y'),('ch023s07','Y'),('ch023s08','Y'),('ch023s09','Y'),('ch023s10','Y'),('ch023s11','N'),('ch023s12','Y'),('ch023s13','Y'),('ch023s14','Y'),('ch023s15','Y'),('ch023s16','Y'),('ch023s17','Y'),('ch023s18','Y'),('ch023s19','Y'),('ch023s20','Y'),('ch023s21','Y'),('ch023s22','Y'),('ch023s23','Y'),('ch023s24','N'),('ch023s25','Y'),('ch023s26','Y'),('ch023s27','Y'),('ch023s28','Y'),('ch023s29','Y'),('ch023s30','Y'),('ch024s01','Y'),('ch024s02','Y'),('ch024s03','Y'),('ch024s04','N'),('ch024s05','Y'),('ch024s06','Y'),('ch024s07','Y'),('ch024s08','Y'),('ch024s09','Y'),('ch024s10','Y'),('ch024s11','Y'),('ch024s12','Y'),('ch024s13','Y'),('ch024s14','Y'),('ch024s15','Y'),('ch024s16','N'),('ch024s17','Y'),('ch024s18','Y'),('ch024s19','Y'),('ch024s20','Y'),('ch024s21','Y'),('ch024s22','Y'),('ch024s23','Y'),('ch024s24','Y'),('ch024s25','Y'),('ch024s26','Y'),('ch024s27','Y'),('ch024s28','Y'),('ch024s29','Y'),('ch024s30','Y'),('ch025s01','Y'),('ch025s02','Y'),('ch025s03','Y'),('ch025s04','Y'),('ch025s05','Y'),('ch025s06','Y'),('ch025s07','Y'),('ch025s08','Y'),('ch025s09','Y'),('ch025s10','Y'),('ch025s11','Y'),('ch025s12','Y'),('ch025s13','Y'),('ch025s14','Y'),('ch025s15','Y'),('ch025s16','Y'),('ch025s17','Y'),('ch025s18','Y'),('ch025s19','Y'),('ch025s20','Y'),('ch025s21','N'),('ch025s22','Y'),('ch025s23','Y'),('ch025s24','Y'),('ch025s25','Y'),('ch025s26','Y'),('ch025s27','Y'),('ch025s28','Y'),('ch025s29','Y'),('ch025s30','Y'),('ch026s01','Y'),('ch026s02','Y'),('ch026s03','Y'),('ch026s04','Y'),('ch026s05','Y'),('ch026s06','Y'),('ch026s07','Y'),('ch026s08','Y'),('ch026s09','Y'),('ch026s10','Y'),('ch026s11','Y'),('ch026s12','Y'),('ch026s13','Y'),('ch026s14','Y'),('ch026s15','Y'),('ch026s16','Y'),('ch026s17','Y'),('ch026s18','Y'),('ch026s19','Y'),('ch026s20','Y'),('ch026s21','Y'),('ch026s22','Y'),('ch026s23','Y'),('ch026s24','Y'),('ch026s25','Y'),('ch026s26','Y'),('ch026s27','Y'),('ch026s28','Y'),('ch026s29','Y'),('ch026s30','Y'),('ch027s01','Y'),('ch027s02','Y'),('ch027s03','Y'),('ch027s04','Y'),('ch027s05','Y'),('ch027s06','Y'),('ch027s07','Y'),('ch027s08','Y'),('ch027s09','Y'),('ch027s10','Y'),('ch027s11','Y'),('ch027s12','Y'),('ch027s13','Y'),('ch027s14','Y'),('ch027s15','Y'),('ch027s16','Y'),('ch027s17','Y'),('ch027s18','Y'),('ch027s19','Y'),('ch027s20','Y'),('ch027s21','Y'),('ch027s22','Y'),('ch027s23','Y'),('ch027s24','Y'),('ch027s25','Y'),('ch027s26','Y'),('ch027s27','Y'),('ch027s28','Y'),('ch027s29','Y'),('ch027s30','Y'),('ch028s01','Y'),('ch028s02','Y'),('ch028s03','Y'),('ch028s04','Y'),('ch028s05','Y'),('ch028s06','Y'),('ch028s07','Y'),('ch028s08','Y'),('ch028s09','Y'),('ch028s10','Y'),('ch028s11','Y'),('ch028s12','Y'),('ch028s13','Y'),('ch028s14','Y'),('ch028s15','Y'),('ch028s16','Y'),('ch028s17','Y'),('ch028s18','Y'),('ch028s19','Y'),('ch028s20','Y'),('ch028s21','Y'),('ch028s22','Y'),('ch028s23','Y'),('ch028s24','Y'),('ch028s25','Y'),('ch028s26','Y'),('ch028s27','Y'),('ch028s28','Y'),('ch028s29','Y'),('ch028s30','Y'),('ch029s01','Y'),('ch029s02','Y'),('ch029s03','Y'),('ch029s04','Y'),('ch029s05','Y'),('ch029s06','Y'),('ch029s07','Y'),('ch029s08','Y'),('ch029s09','Y'),('ch029s10','Y'),('ch029s11','Y'),('ch029s12','Y'),('ch029s13','Y'),('ch029s14','Y'),('ch029s15','Y'),('ch029s16','Y'),('ch029s17','Y'),('ch029s18','Y'),('ch029s19','Y'),('ch029s20','Y'),('ch029s21','Y'),('ch029s22','Y'),('ch029s23','Y'),('ch029s24','Y'),('ch029s25','Y'),('ch029s26','Y'),('ch029s27','Y'),('ch029s28','Y'),('ch029s29','Y'),('ch029s30','Y'),('ch030s01','Y'),('ch030s02','Y'),('ch030s03','Y'),('ch030s04','Y'),('ch030s05','Y'),('ch030s06','Y'),('ch030s07','Y'),('ch030s08','Y'),('ch030s09','Y'),('ch030s10','Y'),('ch030s11','Y'),('ch030s12','Y'),('ch030s13','Y'),('ch030s14','Y'),('ch030s15','Y'),('ch030s16','Y'),('ch030s17','Y'),('ch030s18','Y'),('ch030s19','Y'),('ch030s20','Y'),('ch030s21','Y'),('ch030s22','Y'),('ch030s23','Y'),('ch030s24','Y'),('ch030s25','Y'),('ch030s26','Y'),('ch030s27','Y'),('ch030s28','Y'),('ch030s29','Y'),('ch030s30','Y'),('ch031s01','Y'),('ch031s02','Y'),('ch031s03','Y'),('ch031s04','Y'),('ch031s05','Y'),('ch031s06','Y'),('ch031s07','Y'),('ch031s08','Y'),('ch031s09','Y'),('ch031s10','Y'),('ch031s11','Y'),('ch031s12','Y'),('ch031s13','Y'),('ch031s14','Y'),('ch031s15','Y'),('ch031s16','N'),('ch031s17','N'),('ch031s18','Y'),('ch031s19','Y'),('ch031s20','Y'),('ch031s21','Y'),('ch031s22','Y'),('ch031s23','Y'),('ch031s24','Y'),('ch031s25','Y'),('ch031s26','Y'),('ch031s27','Y'),('ch031s28','Y'),('ch031s29','Y'),('ch031s30','Y'),('ch032s01','Y'),('ch032s02','Y'),('ch032s03','Y'),('ch032s04','Y'),('ch032s05','Y'),('ch032s06','Y'),('ch032s07','Y'),('ch032s08','Y'),('ch032s09','Y'),('ch032s10','Y'),('ch032s11','Y'),('ch032s12','Y'),('ch032s13','Y'),('ch032s14','N'),('ch032s15','Y'),('ch032s16','Y'),('ch032s17','Y'),('ch032s18','Y'),('ch032s19','Y'),('ch032s20','Y'),('ch032s21','N'),('ch032s22','Y'),('ch032s23','Y'),('ch032s24','Y'),('ch032s25','Y'),('ch032s26','Y'),('ch032s27','Y'),('ch032s28','Y'),('ch032s29','Y'),('ch032s30','Y'),('ch033s01','Y'),('ch033s02','Y'),('ch033s03','Y'),('ch033s04','N'),('ch033s05','Y'),('ch033s06','Y'),('ch033s07','Y'),('ch033s08','Y'),('ch033s09','Y'),('ch033s10','Y'),('ch033s11','Y'),('ch033s12','Y'),('ch033s13','Y'),('ch033s14','Y'),('ch033s15','Y'),('ch033s16','Y'),('ch033s17','Y'),('ch033s18','Y'),('ch033s19','Y'),('ch033s20','Y'),('ch033s21','Y'),('ch033s22','Y'),('ch033s23','Y'),('ch033s24','Y'),('ch033s25','Y'),('ch033s26','Y'),('ch033s27','Y'),('ch033s28','Y'),('ch033s29','Y'),('ch033s30','Y'),('ch034s01','Y'),('ch034s02','Y'),('ch034s03','Y'),('ch034s04','Y'),('ch034s05','Y'),('ch034s06','Y'),('ch034s07','Y'),('ch034s08','Y'),('ch034s09','Y'),('ch034s10','Y'),('ch034s11','Y'),('ch034s12','N'),('ch034s13','Y'),('ch034s14','Y'),('ch034s15','Y'),('ch034s16','Y'),('ch034s17','Y'),('ch034s18','Y'),('ch034s19','Y'),('ch034s20','Y'),('ch034s21','Y'),('ch034s22','Y'),('ch034s23','Y'),('ch034s24','Y'),('ch034s25','Y'),('ch034s26','Y'),('ch034s27','Y'),('ch034s28','Y'),('ch034s29','Y'),('ch034s30','Y'),('ch035s01','Y'),('ch035s02','Y'),('ch035s03','N'),('ch035s04','Y'),('ch035s05','Y'),('ch035s06','Y'),('ch035s07','Y'),('ch035s08','Y'),('ch035s09','Y'),('ch035s10','Y'),('ch035s11','Y'),('ch035s12','Y'),('ch035s13','Y'),('ch035s14','Y'),('ch035s15','Y'),('ch035s16','Y'),('ch035s17','Y'),('ch035s18','Y'),('ch035s19','Y'),('ch035s20','Y'),('ch035s21','Y'),('ch035s22','Y'),('ch035s23','Y'),('ch035s24','Y'),('ch035s25','Y'),('ch035s26','Y'),('ch035s27','N'),('ch035s28','Y'),('ch035s29','Y'),('ch035s30','Y'),('ch036s01','Y'),('ch036s02','Y'),('ch036s03','Y'),('ch036s04','Y'),('ch036s05','Y'),('ch036s06','Y'),('ch036s07','Y'),('ch036s08','Y'),('ch036s09','Y'),('ch036s10','Y'),('ch036s11','Y'),('ch036s12','Y'),('ch036s13','Y'),('ch036s14','Y'),('ch036s15','Y'),('ch036s16','Y'),('ch036s17','Y'),('ch036s18','Y'),('ch036s19','Y'),('ch036s20','Y'),('ch036s21','Y'),('ch036s22','N'),('ch036s23','Y'),('ch036s24','Y'),('ch036s25','Y'),('ch036s26','Y'),('ch036s27','Y'),('ch036s28','Y'),('ch036s29','Y'),('ch036s30','Y'),('ch037s01','Y'),('ch037s02','Y'),('ch037s03','Y'),('ch037s04','Y'),('ch037s05','Y'),('ch037s06','Y'),('ch037s07','Y'),('ch037s08','Y'),('ch037s09','Y'),('ch037s10','Y'),('ch037s11','N'),('ch037s12','Y'),('ch037s13','Y'),('ch037s14','Y'),('ch037s15','Y'),('ch037s16','Y'),('ch037s17','Y'),('ch037s18','Y'),('ch037s19','Y'),('ch037s20','Y'),('ch037s21','Y'),('ch037s22','Y'),('ch037s23','Y'),('ch037s24','Y'),('ch037s25','Y'),('ch037s26','Y'),('ch037s27','Y'),('ch037s28','Y'),('ch037s29','Y'),('ch037s30','Y'),('ch038s01','Y'),('ch038s02','Y'),('ch038s03','Y'),('ch038s04','Y'),('ch038s05','Y'),('ch038s06','Y'),('ch038s07','Y'),('ch038s08','Y'),('ch038s09','Y'),('ch038s10','Y'),('ch038s11','Y'),('ch038s12','N'),('ch038s13','Y'),('ch038s14','Y'),('ch038s15','Y'),('ch038s16','Y'),('ch038s17','Y'),('ch038s18','Y'),('ch038s19','Y'),('ch038s20','Y'),('ch038s21','Y'),('ch038s22','Y'),('ch038s23','Y'),('ch038s24','Y'),('ch038s25','Y'),('ch038s26','Y'),('ch038s27','N'),('ch038s28','Y'),('ch038s29','Y'),('ch038s30','Y'),('ch039s01','Y'),('ch039s02','Y'),('ch039s03','N'),('ch039s04','Y'),('ch039s05','Y'),('ch039s06','Y'),('ch039s07','Y'),('ch039s08','Y'),('ch039s09','Y'),('ch039s10','Y'),('ch039s11','Y'),('ch039s12','Y'),('ch039s13','Y'),('ch039s14','Y'),('ch039s15','Y'),('ch039s16','Y'),('ch039s17','Y'),('ch039s18','Y'),('ch039s19','N'),('ch039s20','Y'),('ch039s21','Y'),('ch039s22','Y'),('ch039s23','Y'),('ch039s24','Y'),('ch039s25','Y'),('ch039s26','Y'),('ch039s27','Y'),('ch039s28','Y'),('ch039s29','Y'),('ch039s30','Y'),('ch040s01','Y'),('ch040s02','Y'),('ch040s03','Y'),('ch040s04','Y'),('ch040s05','Y'),('ch040s06','Y'),('ch040s07','Y'),('ch040s08','Y'),('ch040s09','Y'),('ch040s10','Y'),('ch040s11','Y'),('ch040s12','Y'),('ch040s13','N'),('ch040s14','Y'),('ch040s15','Y'),('ch040s16','Y'),('ch040s17','Y'),('ch040s18','Y'),('ch040s19','Y'),('ch040s20','Y'),('ch040s21','Y'),('ch040s22','Y'),('ch040s23','Y'),('ch040s24','Y'),('ch040s25','Y'),('ch040s26','Y'),('ch040s27','Y'),('ch040s28','N'),('ch040s29','Y'),('ch040s30','Y'),('ch041s01','Y'),('ch041s02','Y'),('ch041s03','Y'),('ch041s04','Y'),('ch041s05','Y'),('ch041s06','N'),('ch041s07','Y'),('ch041s08','Y'),('ch041s09','Y'),('ch041s10','Y'),('ch041s11','Y'),('ch041s12','Y'),('ch041s13','Y'),('ch041s14','Y'),('ch041s15','Y'),('ch041s16','Y'),('ch041s17','Y'),('ch041s18','Y'),('ch041s19','Y'),('ch041s20','Y'),('ch041s21','Y'),('ch041s22','Y'),('ch041s23','Y'),('ch041s24','Y'),('ch041s25','Y'),('ch041s26','Y'),('ch041s27','Y'),('ch041s28','Y'),('ch041s29','Y'),('ch041s30','Y'),('ch042s01','Y'),('ch042s02','Y'),('ch042s03','N'),('ch042s04','Y'),('ch042s05','Y'),('ch042s06','Y'),('ch042s07','Y'),('ch042s08','Y'),('ch042s09','Y'),('ch042s10','Y'),('ch042s11','Y'),('ch042s12','Y'),('ch042s13','Y'),('ch042s14','Y'),('ch042s15','Y'),('ch042s16','Y'),('ch042s17','Y'),('ch042s18','Y'),('ch042s19','Y'),('ch042s20','Y'),('ch042s21','Y'),('ch042s22','Y'),('ch042s23','Y'),('ch042s24','Y'),('ch042s25','Y'),('ch042s26','Y'),('ch042s27','Y'),('ch042s28','Y'),('ch042s29','Y'),('ch042s30','Y'),('ch043s01','Y'),('ch043s02','Y'),('ch043s03','Y'),('ch043s04','Y'),('ch043s05','Y'),('ch043s06','Y'),('ch043s07','Y'),('ch043s08','Y'),('ch043s09','Y'),('ch043s10','Y'),('ch043s11','Y'),('ch043s12','Y'),('ch043s13','Y'),('ch043s14','Y'),('ch043s15','Y'),('ch043s16','Y'),('ch043s17','Y'),('ch043s18','Y'),('ch043s19','Y'),('ch043s20','N'),('ch043s21','Y'),('ch043s22','Y'),('ch043s23','Y'),('ch043s24','Y'),('ch043s25','Y'),('ch043s26','Y'),('ch043s27','Y'),('ch043s28','Y'),('ch043s29','Y'),('ch043s30','Y'),('ch044s01','Y'),('ch044s02','Y'),('ch044s03','Y'),('ch044s04','Y'),('ch044s05','Y'),('ch044s06','Y'),('ch044s07','Y'),('ch044s08','Y'),('ch044s09','Y'),('ch044s10','Y'),('ch044s11','Y'),('ch044s12','Y'),('ch044s13','Y'),('ch044s14','N'),('ch044s15','Y'),('ch044s16','Y'),('ch044s17','Y'),('ch044s18','Y'),('ch044s19','Y'),('ch044s20','Y'),('ch044s21','Y'),('ch044s22','Y'),('ch044s23','Y'),('ch044s24','Y'),('ch044s25','Y'),('ch044s26','Y'),('ch044s27','Y'),('ch044s28','Y'),('ch044s29','Y'),('ch044s30','Y'),('ch045s01','Y'),('ch045s02','Y'),('ch045s03','Y'),('ch045s04','Y'),('ch045s05','Y'),('ch045s06','Y'),('ch045s07','Y'),('ch045s08','Y'),('ch045s09','Y'),('ch045s10','Y'),('ch045s11','Y'),('ch045s12','Y'),('ch045s13','Y'),('ch045s14','Y'),('ch045s15','Y'),('ch045s16','Y'),('ch045s17','Y'),('ch045s18','Y'),('ch045s19','Y'),('ch045s20','Y'),('ch045s21','Y'),('ch045s22','Y'),('ch045s23','Y'),('ch045s24','Y'),('ch045s25','Y'),('ch045s26','Y'),('ch045s27','Y'),('ch045s28','Y'),('ch045s29','Y'),('ch045s30','Y'),('ch046s01','Y'),('ch046s02','Y'),('ch046s03','Y'),('ch046s04','Y'),('ch046s05','Y'),('ch046s06','Y'),('ch046s07','Y'),('ch046s08','N'),('ch046s09','Y'),('ch046s10','Y'),('ch046s11','Y'),('ch046s12','Y'),('ch046s13','Y'),('ch046s14','Y'),('ch046s15','Y'),('ch046s16','Y'),('ch046s17','Y'),('ch046s18','Y'),('ch046s19','Y'),('ch046s20','Y'),('ch046s21','Y'),('ch046s22','Y'),('ch046s23','Y'),('ch046s24','Y'),('ch046s25','Y'),('ch046s26','Y'),('ch046s27','Y'),('ch046s28','Y'),('ch046s29','Y'),('ch046s30','Y'),('ch047s01','Y'),('ch047s02','Y'),('ch047s03','Y'),('ch047s04','Y'),('ch047s05','Y'),('ch047s06','Y'),('ch047s07','Y'),('ch047s08','Y'),('ch047s09','Y'),('ch047s10','Y'),('ch047s11','Y'),('ch047s12','Y'),('ch047s13','Y'),('ch047s14','Y'),('ch047s15','Y'),('ch047s16','Y'),('ch047s17','Y'),('ch047s18','Y'),('ch047s19','N'),('ch047s20','Y'),('ch047s21','Y'),('ch047s22','Y'),('ch047s23','Y'),('ch047s24','Y'),('ch047s25','Y'),('ch047s26','Y'),('ch047s27','Y'),('ch047s28','Y'),('ch047s29','Y'),('ch047s30','Y'),('ch048s01','N'),('ch048s02','Y'),('ch048s03','Y'),('ch048s04','Y'),('ch048s05','Y'),('ch048s06','Y'),('ch048s07','Y'),('ch048s08','Y'),('ch048s09','Y'),('ch048s10','Y'),('ch048s11','Y'),('ch048s12','Y'),('ch048s13','Y'),('ch048s14','Y'),('ch048s15','Y'),('ch048s16','Y'),('ch048s17','Y'),('ch048s18','Y'),('ch048s19','Y'),('ch048s20','Y'),('ch048s21','Y'),('ch048s22','Y'),('ch048s23','Y'),('ch048s24','Y'),('ch048s25','Y'),('ch048s26','Y'),('ch048s27','Y'),('ch048s28','Y'),('ch048s29','Y'),('ch048s30','Y'),('ch049s01','Y'),('ch049s02','Y'),('ch049s03','Y'),('ch049s04','Y'),('ch049s05','Y'),('ch049s06','Y'),('ch049s07','Y'),('ch049s08','Y'),('ch049s09','Y'),('ch049s10','Y'),('ch049s11','Y'),('ch049s12','Y'),('ch049s13','Y'),('ch049s14','Y'),('ch049s15','Y'),('ch049s16','Y'),('ch049s17','Y'),('ch049s18','Y'),('ch049s19','Y'),('ch049s20','Y'),('ch049s21','Y'),('ch049s22','Y'),('ch049s23','Y'),('ch049s24','Y'),('ch049s25','Y'),('ch049s26','Y'),('ch049s27','Y'),('ch049s28','Y'),('ch049s29','Y'),('ch049s30','Y'),('ch050s01','Y'),('ch050s02','Y'),('ch050s03','Y'),('ch050s04','Y'),('ch050s05','Y'),('ch050s06','Y'),('ch050s07','Y'),('ch050s08','Y'),('ch050s09','Y'),('ch050s10','Y'),('ch050s11','Y'),('ch050s12','Y'),('ch050s13','Y'),('ch050s14','Y'),('ch050s15','Y'),('ch050s16','Y'),('ch050s17','Y'),('ch050s18','Y'),('ch050s19','Y'),('ch050s20','Y'),('ch050s21','Y'),('ch050s22','Y'),('ch050s23','N'),('ch050s24','Y'),('ch050s25','Y'),('ch050s26','Y'),('ch050s27','Y'),('ch050s28','Y'),('ch050s29','Y'),('ch050s30','Y'),('ch051s01','Y'),('ch051s02','Y'),('ch051s03','Y'),('ch051s04','Y'),('ch051s05','Y'),('ch051s06','N'),('ch051s07','Y'),('ch051s08','Y'),('ch051s09','Y'),('ch051s10','Y'),('ch051s11','Y'),('ch051s12','Y'),('ch051s13','Y'),('ch051s14','Y'),('ch051s15','Y'),('ch051s16','Y'),('ch051s17','Y'),('ch051s18','Y'),('ch051s19','Y'),('ch051s20','Y'),('ch051s21','Y'),('ch051s22','Y'),('ch051s23','Y'),('ch051s24','Y'),('ch051s25','Y'),('ch051s26','Y'),('ch051s27','Y'),('ch051s28','Y'),('ch051s29','Y'),('ch051s30','Y'),('ch052s01','Y'),('ch052s02','Y'),('ch052s03','Y'),('ch052s04','Y'),('ch052s05','Y'),('ch052s06','Y'),('ch052s07','Y'),('ch052s08','Y'),('ch052s09','Y'),('ch052s10','Y'),('ch052s11','Y'),('ch052s12','Y'),('ch052s13','N'),('ch052s14','Y'),('ch052s15','Y'),('ch052s16','Y'),('ch052s17','Y'),('ch052s18','Y'),('ch052s19','Y'),('ch052s20','Y'),('ch052s21','Y'),('ch052s22','Y'),('ch052s23','Y'),('ch052s24','Y'),('ch052s25','Y'),('ch052s26','Y'),('ch052s27','Y'),('ch052s28','Y'),('ch052s29','Y'),('ch052s30','Y'),('ch053s01','Y'),('ch053s02','Y'),('ch053s03','Y'),('ch053s04','Y'),('ch053s05','Y'),('ch053s06','Y'),('ch053s07','Y'),('ch053s08','Y'),('ch053s09','Y'),('ch053s10','Y'),('ch053s11','Y'),('ch053s12','Y'),('ch053s13','Y'),('ch053s14','Y'),('ch053s15','Y'),('ch053s16','Y'),('ch053s17','Y'),('ch053s18','Y'),('ch053s19','Y'),('ch053s20','Y'),('ch053s21','Y'),('ch053s22','Y'),('ch053s23','Y'),('ch053s24','Y'),('ch053s25','Y'),('ch053s26','Y'),('ch053s27','Y'),('ch053s28','Y'),('ch053s29','Y'),('ch053s30','Y'),('ch054s01','Y'),('ch054s02','N'),('ch054s03','Y'),('ch054s04','Y'),('ch054s05','Y'),('ch054s06','Y'),('ch054s07','Y'),('ch054s08','Y'),('ch054s09','Y'),('ch054s10','Y'),('ch054s11','Y'),('ch054s12','Y'),('ch054s13','Y'),('ch054s14','Y'),('ch054s15','Y'),('ch054s16','Y'),('ch054s17','Y'),('ch054s18','Y'),('ch054s19','Y'),('ch054s20','Y'),('ch054s21','Y'),('ch054s22','Y'),('ch054s23','Y'),('ch054s24','Y'),('ch054s25','Y'),('ch054s26','Y'),('ch054s27','Y'),('ch054s28','Y'),('ch054s29','Y'),('ch054s30','Y'),('ch055s01','Y'),('ch055s02','Y'),('ch055s03','Y'),('ch055s04','Y'),('ch055s05','Y'),('ch055s06','Y'),('ch055s07','Y'),('ch055s08','Y'),('ch055s09','Y'),('ch055s10','Y'),('ch055s11','Y'),('ch055s12','Y'),('ch055s13','Y'),('ch055s14','Y'),('ch055s15','Y'),('ch055s16','Y'),('ch055s17','Y'),('ch055s18','Y'),('ch055s19','Y'),('ch055s20','Y'),('ch055s21','Y'),('ch055s22','Y'),('ch055s23','Y'),('ch055s24','Y'),('ch055s25','Y'),('ch055s26','Y'),('ch055s27','Y'),('ch055s28','N'),('ch055s29','Y'),('ch055s30','Y'),('ch056s01','Y'),('ch056s02','Y'),('ch056s03','Y'),('ch056s04','Y'),('ch056s05','Y'),('ch056s06','Y'),('ch056s07','Y'),('ch056s08','Y'),('ch056s09','Y'),('ch056s10','N'),('ch056s11','Y'),('ch056s12','Y'),('ch056s13','Y'),('ch056s14','Y'),('ch056s15','Y'),('ch056s16','Y'),('ch056s17','Y'),('ch056s18','Y'),('ch056s19','Y'),('ch056s20','Y'),('ch056s21','Y'),('ch056s22','Y'),('ch056s23','Y'),('ch056s24','Y'),('ch056s25','Y'),('ch056s26','Y'),('ch056s27','Y'),('ch056s28','Y'),('ch056s29','Y'),('ch056s30','Y'),('ch057s01','Y'),('ch057s02','Y'),('ch057s03','Y'),('ch057s04','Y'),('ch057s05','Y'),('ch057s06','Y'),('ch057s07','Y'),('ch057s08','Y'),('ch057s09','Y'),('ch057s10','Y'),('ch057s11','Y'),('ch057s12','Y'),('ch057s13','Y'),('ch057s14','Y'),('ch057s15','Y'),('ch057s16','Y'),('ch057s17','Y'),('ch057s18','Y'),('ch057s19','Y'),('ch057s20','Y'),('ch057s21','Y'),('ch057s22','Y'),('ch057s23','Y'),('ch057s24','Y'),('ch057s25','Y'),('ch057s26','Y'),('ch057s27','Y'),('ch057s28','Y'),('ch057s29','Y'),('ch057s30','Y'),('ch058s01','Y'),('ch058s02','Y'),('ch058s03','Y'),('ch058s04','Y'),('ch058s05','Y'),('ch058s06','Y'),('ch058s07','Y'),('ch058s08','Y'),('ch058s09','Y'),('ch058s10','Y'),('ch058s11','Y'),('ch058s12','Y'),('ch058s13','Y'),('ch058s14','Y'),('ch058s15','Y'),('ch058s16','Y'),('ch058s17','Y'),('ch058s18','Y'),('ch058s19','Y'),('ch058s20','Y'),('ch058s21','Y'),('ch058s22','Y'),('ch058s23','Y'),('ch058s24','Y'),('ch058s25','Y'),('ch058s26','Y'),('ch058s27','Y'),('ch058s28','Y'),('ch058s29','N'),('ch058s30','Y'),('ch059s01','Y'),('ch059s02','Y'),('ch059s03','Y'),('ch059s04','Y'),('ch059s05','Y'),('ch059s06','Y'),('ch059s07','Y'),('ch059s08','Y'),('ch059s09','Y'),('ch059s10','Y'),('ch059s11','Y'),('ch059s12','Y'),('ch059s13','Y'),('ch059s14','Y'),('ch059s15','Y'),('ch059s16','Y'),('ch059s17','Y'),('ch059s18','Y'),('ch059s19','Y'),('ch059s20','Y'),('ch059s21','Y'),('ch059s22','N'),('ch059s23','Y'),('ch059s24','Y'),('ch059s25','Y'),('ch059s26','Y'),('ch059s27','Y'),('ch059s28','Y'),('ch059s29','Y'),('ch059s30','Y'),('ch060s01','Y'),('ch060s02','Y'),('ch060s03','Y'),('ch060s04','Y'),('ch060s05','Y'),('ch060s06','Y'),('ch060s07','Y'),('ch060s08','Y'),('ch060s09','Y'),('ch060s10','Y'),('ch060s11','Y'),('ch060s12','N'),('ch060s13','Y'),('ch060s14','Y'),('ch060s15','Y'),('ch060s16','Y'),('ch060s17','Y'),('ch060s18','Y'),('ch060s19','Y'),('ch060s20','Y'),('ch060s21','Y'),('ch060s22','Y'),('ch060s23','Y'),('ch060s24','Y'),('ch060s25','Y'),('ch060s26','Y'),('ch060s27','Y'),('ch060s28','Y'),('ch060s29','Y'),('ch060s30','Y'),('ch061s01','Y'),('ch061s02','Y'),('ch061s03','Y'),('ch061s04','Y'),('ch061s05','Y'),('ch061s06','Y'),('ch061s07','Y'),('ch061s08','Y'),('ch061s09','Y'),('ch061s10','Y'),('ch061s11','Y'),('ch061s12','Y'),('ch061s13','Y'),('ch061s14','Y'),('ch061s15','Y'),('ch061s16','Y'),('ch061s17','Y'),('ch061s18','Y'),('ch061s19','Y'),('ch061s20','Y'),('ch061s21','Y'),('ch061s22','Y'),('ch061s23','N'),('ch061s24','Y'),('ch061s25','Y'),('ch061s26','Y'),('ch061s27','Y'),('ch061s28','Y'),('ch061s29','Y'),('ch061s30','Y'),('ch062s01','Y'),('ch062s02','Y'),('ch062s03','Y'),('ch062s04','Y'),('ch062s05','Y'),('ch062s06','Y'),('ch062s07','N'),('ch062s08','Y'),('ch062s09','Y'),('ch062s10','Y'),('ch062s11','Y'),('ch062s12','Y'),('ch062s13','Y'),('ch062s14','Y'),('ch062s15','Y'),('ch062s16','Y'),('ch062s17','Y'),('ch062s18','Y'),('ch062s19','N'),('ch062s20','Y'),('ch062s21','Y'),('ch062s22','Y'),('ch062s23','Y'),('ch062s24','Y'),('ch062s25','Y'),('ch062s26','Y'),('ch062s27','Y'),('ch062s28','Y'),('ch062s29','Y'),('ch062s30','Y'),('ch063s01','Y'),('ch063s02','Y'),('ch063s03','Y'),('ch063s04','Y'),('ch063s05','Y'),('ch063s06','Y'),('ch063s07','Y'),('ch063s08','Y'),('ch063s09','Y'),('ch063s10','Y'),('ch063s11','Y'),('ch063s12','Y'),('ch063s13','Y'),('ch063s14','Y'),('ch063s15','Y'),('ch063s16','Y'),('ch063s17','Y'),('ch063s18','N'),('ch063s19','Y'),('ch063s20','Y'),('ch063s21','Y'),('ch063s22','Y'),('ch063s23','N'),('ch063s24','Y'),('ch063s25','Y'),('ch063s26','Y'),('ch063s27','Y'),('ch063s28','Y'),('ch063s29','Y'),('ch063s30','Y'),('ch064s01','Y'),('ch064s02','Y'),('ch064s03','Y'),('ch064s04','Y'),('ch064s05','Y'),('ch064s06','Y'),('ch064s07','Y'),('ch064s08','Y'),('ch064s09','Y'),('ch064s10','Y'),('ch064s11','N'),('ch064s12','Y'),('ch064s13','Y'),('ch064s14','N'),('ch064s15','Y'),('ch064s16','Y'),('ch064s17','Y'),('ch064s18','Y'),('ch064s19','Y'),('ch064s20','Y'),('ch064s21','Y'),('ch064s22','Y'),('ch064s23','Y'),('ch064s24','Y'),('ch064s25','Y'),('ch064s26','Y'),('ch064s27','Y'),('ch064s28','Y'),('ch064s29','Y'),('ch064s30','Y'),('ch065s01','Y'),('ch065s02','Y'),('ch065s03','Y'),('ch065s04','Y'),('ch065s05','Y'),('ch065s06','Y'),('ch065s07','Y'),('ch065s08','Y'),('ch065s09','Y'),('ch065s10','Y'),('ch065s11','Y'),('ch065s12','Y'),('ch065s13','Y'),('ch065s14','Y'),('ch065s15','Y'),('ch065s16','Y'),('ch065s17','Y'),('ch065s18','N'),('ch065s19','Y'),('ch065s20','Y'),('ch065s21','Y'),('ch065s22','Y'),('ch065s23','Y'),('ch065s24','Y'),('ch065s25','Y'),('ch065s26','Y'),('ch065s27','Y'),('ch065s28','Y'),('ch065s29','Y'),('ch065s30','Y'),('ch066s01','N'),('ch066s02','Y'),('ch066s03','Y'),('ch066s04','Y'),('ch066s05','Y'),('ch066s06','Y'),('ch066s07','Y'),('ch066s08','Y'),('ch066s09','Y'),('ch066s10','Y'),('ch066s11','Y'),('ch066s12','Y'),('ch066s13','Y'),('ch066s14','Y'),('ch066s15','Y'),('ch066s16','Y'),('ch066s17','Y'),('ch066s18','Y'),('ch066s19','Y'),('ch066s20','Y'),('ch066s21','Y'),('ch066s22','Y'),('ch066s23','Y'),('ch066s24','Y'),('ch066s25','Y'),('ch066s26','Y'),('ch066s27','Y'),('ch066s28','Y'),('ch066s29','Y'),('ch066s30','Y'),('ch067s01','Y'),('ch067s02','Y'),('ch067s03','Y'),('ch067s04','Y'),('ch067s05','Y'),('ch067s06','Y'),('ch067s07','Y'),('ch067s08','Y'),('ch067s09','Y'),('ch067s10','Y'),('ch067s11','Y'),('ch067s12','Y'),('ch067s13','Y'),('ch067s14','Y'),('ch067s15','Y'),('ch067s16','Y'),('ch067s17','N'),('ch067s18','Y'),('ch067s19','Y'),('ch067s20','Y'),('ch067s21','Y'),('ch067s22','Y'),('ch067s23','Y'),('ch067s24','Y'),('ch067s25','Y'),('ch067s26','Y'),('ch067s27','Y'),('ch067s28','Y'),('ch067s29','Y'),('ch067s30','Y'),('ch068s01','Y'),('ch068s02','Y'),('ch068s03','Y'),('ch068s04','Y'),('ch068s05','Y'),('ch068s06','N'),('ch068s07','Y'),('ch068s08','Y'),('ch068s09','Y'),('ch068s10','Y'),('ch068s11','Y'),('ch068s12','Y'),('ch068s13','Y'),('ch068s14','Y'),('ch068s15','Y'),('ch068s16','Y'),('ch068s17','Y'),('ch068s18','Y'),('ch068s19','Y'),('ch068s20','Y'),('ch068s21','Y'),('ch068s22','Y'),('ch068s23','Y'),('ch068s24','Y'),('ch068s25','Y'),('ch068s26','Y'),('ch068s27','Y'),('ch068s28','Y'),('ch068s29','Y'),('ch068s30','Y'),('ch069s01','Y'),('ch069s02','Y'),('ch069s03','Y'),('ch069s04','Y'),('ch069s05','Y'),('ch069s06','Y'),('ch069s07','Y'),('ch069s08','Y'),('ch069s09','Y'),('ch069s10','Y'),('ch069s11','Y'),('ch069s12','Y'),('ch069s13','Y'),('ch069s14','Y'),('ch069s15','Y'),('ch069s16','Y'),('ch069s17','Y'),('ch069s18','Y'),('ch069s19','Y'),('ch069s20','Y'),('ch069s21','Y'),('ch069s22','Y'),('ch069s23','Y'),('ch069s24','Y'),('ch069s25','Y'),('ch069s26','Y'),('ch069s27','Y'),('ch069s28','Y'),('ch069s29','Y'),('ch069s30','Y'),('ch070s01','Y'),('ch070s02','Y'),('ch070s03','Y'),('ch070s04','Y'),('ch070s05','Y'),('ch070s06','Y'),('ch070s07','Y'),('ch070s08','Y'),('ch070s09','Y'),('ch070s10','Y'),('ch070s11','Y'),('ch070s12','Y'),('ch070s13','Y'),('ch070s14','Y'),('ch070s15','Y'),('ch070s16','Y'),('ch070s17','Y'),('ch070s18','Y'),('ch070s19','Y'),('ch070s20','Y'),('ch070s21','Y'),('ch070s22','Y'),('ch070s23','Y'),('ch070s24','Y'),('ch070s25','Y'),('ch070s26','Y'),('ch070s27','Y'),('ch070s28','Y'),('ch070s29','Y'),('ch070s30','N'),('ch071s01','Y'),('ch071s02','Y'),('ch071s03','Y'),('ch071s04','Y'),('ch071s05','Y'),('ch071s06','Y'),('ch071s07','Y'),('ch071s08','Y'),('ch071s09','Y'),('ch071s10','Y'),('ch071s11','Y'),('ch071s12','Y'),('ch071s13','Y'),('ch071s14','Y'),('ch071s15','Y'),('ch071s16','Y'),('ch071s17','Y'),('ch071s18','Y'),('ch071s19','Y'),('ch071s20','Y'),('ch071s21','N'),('ch071s22','Y'),('ch071s23','Y'),('ch071s24','Y'),('ch071s25','Y'),('ch071s26','Y'),('ch071s27','Y'),('ch071s28','Y'),('ch071s29','Y'),('ch071s30','Y'),('ch072s01','Y'),('ch072s02','Y'),('ch072s03','Y'),('ch072s04','Y'),('ch072s05','Y'),('ch072s06','Y'),('ch072s07','Y'),('ch072s08','Y'),('ch072s09','Y'),('ch072s10','Y'),('ch072s11','Y'),('ch072s12','Y'),('ch072s13','Y'),('ch072s14','N'),('ch072s15','Y'),('ch072s16','Y'),('ch072s17','Y'),('ch072s18','Y'),('ch072s19','Y'),('ch072s20','Y'),('ch072s21','Y'),('ch072s22','Y'),('ch072s23','Y'),('ch072s24','Y'),('ch072s25','Y'),('ch072s26','Y'),('ch072s27','Y'),('ch072s28','Y'),('ch072s29','Y'),('ch072s30','Y'),('ch073s01','Y'),('ch073s02','Y'),('ch073s03','Y'),('ch073s04','Y'),('ch073s05','Y'),('ch073s06','Y'),('ch073s07','Y'),('ch073s08','Y'),('ch073s09','Y'),('ch073s10','Y'),('ch073s11','Y'),('ch073s12','Y'),('ch073s13','Y'),('ch073s14','Y'),('ch073s15','Y'),('ch073s16','Y'),('ch073s17','Y'),('ch073s18','Y'),('ch073s19','Y'),('ch073s20','Y'),('ch073s21','Y'),('ch073s22','Y'),('ch073s23','Y'),('ch073s24','Y'),('ch073s25','Y'),('ch073s26','Y'),('ch073s27','Y'),('ch073s28','Y'),('ch073s29','Y'),('ch073s30','Y'),('ch074s01','Y'),('ch074s02','Y'),('ch074s03','Y'),('ch074s04','Y'),('ch074s05','Y'),('ch074s06','Y'),('ch074s07','Y'),('ch074s08','Y'),('ch074s09','Y'),('ch074s10','Y'),('ch074s11','Y'),('ch074s12','Y'),('ch074s13','Y'),('ch074s14','Y'),('ch074s15','Y'),('ch074s16','Y'),('ch074s17','Y'),('ch074s18','Y'),('ch074s19','Y'),('ch074s20','Y'),('ch074s21','Y'),('ch074s22','Y'),('ch074s23','Y'),('ch074s24','Y'),('ch074s25','Y'),('ch074s26','Y'),('ch074s27','Y'),('ch074s28','Y'),('ch074s29','Y'),('ch074s30','N'),('ch075s01','Y'),('ch075s02','Y'),('ch075s03','Y'),('ch075s04','Y'),('ch075s05','Y'),('ch075s06','Y'),('ch075s07','Y'),('ch075s08','Y'),('ch075s09','Y'),('ch075s10','Y'),('ch075s11','Y'),('ch075s12','Y'),('ch075s13','Y'),('ch075s14','Y'),('ch075s15','Y'),('ch075s16','Y'),('ch075s17','Y'),('ch075s18','Y'),('ch075s19','N'),('ch075s20','Y'),('ch075s21','Y'),('ch075s22','Y'),('ch075s23','Y'),('ch075s24','Y'),('ch075s25','Y'),('ch075s26','Y'),('ch075s27','Y'),('ch075s28','Y'),('ch075s29','Y'),('ch075s30','Y'),('ch076s01','Y'),('ch076s02','Y'),('ch076s03','N'),('ch076s04','Y'),('ch076s05','Y'),('ch076s06','Y'),('ch076s07','Y'),('ch076s08','Y'),('ch076s09','Y'),('ch076s10','Y'),('ch076s11','Y'),('ch076s12','Y'),('ch076s13','Y'),('ch076s14','Y'),('ch076s15','Y'),('ch076s16','Y'),('ch076s17','Y'),('ch076s18','Y'),('ch076s19','Y'),('ch076s20','Y'),('ch076s21','Y'),('ch076s22','Y'),('ch076s23','Y'),('ch076s24','Y'),('ch076s25','Y'),('ch076s26','Y'),('ch076s27','Y'),('ch076s28','Y'),('ch076s29','Y'),('ch076s30','Y'),('ch077s01','Y'),('ch077s02','Y'),('ch077s03','Y'),('ch077s04','Y'),('ch077s05','Y'),('ch077s06','Y'),('ch077s07','Y'),('ch077s08','Y'),('ch077s09','Y'),('ch077s10','Y'),('ch077s11','Y'),('ch077s12','Y'),('ch077s13','Y'),('ch077s14','Y'),('ch077s15','Y'),('ch077s16','Y'),('ch077s17','Y'),('ch077s18','Y'),('ch077s19','Y'),('ch077s20','Y'),('ch077s21','Y'),('ch077s22','Y'),('ch077s23','Y'),('ch077s24','Y'),('ch077s25','Y'),('ch077s26','Y'),('ch077s27','Y'),('ch077s28','Y'),('ch077s29','Y'),('ch077s30','Y'),('ch078s01','Y'),('ch078s02','Y'),('ch078s03','Y'),('ch078s04','Y'),('ch078s05','Y'),('ch078s06','Y'),('ch078s07','Y'),('ch078s08','Y'),('ch078s09','Y'),('ch078s10','Y'),('ch078s11','Y'),('ch078s12','Y'),('ch078s13','Y'),('ch078s14','Y'),('ch078s15','Y'),('ch078s16','Y'),('ch078s17','Y'),('ch078s18','Y'),('ch078s19','Y'),('ch078s20','Y'),('ch078s21','N'),('ch078s22','Y'),('ch078s23','Y'),('ch078s24','Y'),('ch078s25','Y'),('ch078s26','Y'),('ch078s27','Y'),('ch078s28','Y'),('ch078s29','Y'),('ch078s30','Y'),('ch079s01','Y'),('ch079s02','Y'),('ch079s03','Y'),('ch079s04','Y'),('ch079s05','Y'),('ch079s06','Y'),('ch079s07','Y'),('ch079s08','N'),('ch079s09','Y'),('ch079s10','Y'),('ch079s11','Y'),('ch079s12','Y'),('ch079s13','Y'),('ch079s14','Y'),('ch079s15','Y'),('ch079s16','Y'),('ch079s17','Y'),('ch079s18','Y'),('ch079s19','Y'),('ch079s20','Y'),('ch079s21','Y'),('ch079s22','Y'),('ch079s23','Y'),('ch079s24','Y'),('ch079s25','Y'),('ch079s26','Y'),('ch079s27','Y'),('ch079s28','Y'),('ch079s29','Y'),('ch079s30','Y'),('ch080s01','Y'),('ch080s02','Y'),('ch080s03','Y'),('ch080s04','Y'),('ch080s05','Y'),('ch080s06','Y'),('ch080s07','Y'),('ch080s08','Y'),('ch080s09','Y'),('ch080s10','Y'),('ch080s11','Y'),('ch080s12','Y'),('ch080s13','Y'),('ch080s14','N'),('ch080s15','Y'),('ch080s16','Y'),('ch080s17','Y'),('ch080s18','Y'),('ch080s19','Y'),('ch080s20','Y'),('ch080s21','Y'),('ch080s22','Y'),('ch080s23','Y'),('ch080s24','Y'),('ch080s25','Y'),('ch080s26','Y'),('ch080s27','Y'),('ch080s28','Y'),('ch080s29','Y'),('ch080s30','Y'),('ch081s01','Y'),('ch081s02','Y'),('ch081s03','Y'),('ch081s04','Y'),('ch081s05','Y'),('ch081s06','Y'),('ch081s07','Y'),('ch081s08','Y'),('ch081s09','Y'),('ch081s10','Y'),('ch081s11','Y'),('ch081s12','Y'),('ch081s13','Y'),('ch081s14','Y'),('ch081s15','Y'),('ch081s16','Y'),('ch081s17','Y'),('ch081s18','Y'),('ch081s19','Y'),('ch081s20','Y'),('ch081s21','Y'),('ch081s22','Y'),('ch081s23','Y'),('ch081s24','Y'),('ch081s25','Y'),('ch081s26','Y'),('ch081s27','Y'),('ch081s28','Y'),('ch081s29','Y'),('ch081s30','Y'),('ch082s01','Y'),('ch082s02','Y'),('ch082s03','Y'),('ch082s04','Y'),('ch082s05','Y'),('ch082s06','Y'),('ch082s07','Y'),('ch082s08','Y'),('ch082s09','Y'),('ch082s10','Y'),('ch082s11','Y'),('ch082s12','N'),('ch082s13','Y'),('ch082s14','Y'),('ch082s15','Y'),('ch082s16','Y'),('ch082s17','Y'),('ch082s18','Y'),('ch082s19','Y'),('ch082s20','Y'),('ch082s21','Y'),('ch082s22','Y'),('ch082s23','Y'),('ch082s24','Y'),('ch082s25','Y'),('ch082s26','Y'),('ch082s27','Y'),('ch082s28','Y'),('ch082s29','Y'),('ch082s30','Y'),('ch083s01','Y'),('ch083s02','Y'),('ch083s03','Y'),('ch083s04','Y'),('ch083s05','Y'),('ch083s06','Y'),('ch083s07','Y'),('ch083s08','Y'),('ch083s09','Y'),('ch083s10','Y'),('ch083s11','Y'),('ch083s12','Y'),('ch083s13','Y'),('ch083s14','Y'),('ch083s15','Y'),('ch083s16','Y'),('ch083s17','Y'),('ch083s18','Y'),('ch083s19','Y'),('ch083s20','Y'),('ch083s21','Y'),('ch083s22','Y'),('ch083s23','Y'),('ch083s24','Y'),('ch083s25','N'),('ch083s26','Y'),('ch083s27','Y'),('ch083s28','Y'),('ch083s29','Y'),('ch083s30','Y'),('ch084s01','Y'),('ch084s02','Y'),('ch084s03','N'),('ch084s04','Y'),('ch084s05','Y'),('ch084s06','Y'),('ch084s07','Y'),('ch084s08','Y'),('ch084s09','Y'),('ch084s10','Y'),('ch084s11','Y'),('ch084s12','Y'),('ch084s13','Y'),('ch084s14','Y'),('ch084s15','Y'),('ch084s16','Y'),('ch084s17','Y'),('ch084s18','Y'),('ch084s19','Y'),('ch084s20','Y'),('ch084s21','Y'),('ch084s22','Y'),('ch084s23','Y'),('ch084s24','Y'),('ch084s25','Y'),('ch084s26','Y'),('ch084s27','Y'),('ch084s28','Y'),('ch084s29','Y'),('ch084s30','Y'),('ch085s01','Y'),('ch085s02','Y'),('ch085s03','Y'),('ch085s04','Y'),('ch085s05','Y'),('ch085s06','Y'),('ch085s07','Y'),('ch085s08','Y'),('ch085s09','Y'),('ch085s10','N'),('ch085s11','Y'),('ch085s12','Y'),('ch085s13','Y'),('ch085s14','Y'),('ch085s15','Y'),('ch085s16','Y'),('ch085s17','Y'),('ch085s18','Y'),('ch085s19','Y'),('ch085s20','Y'),('ch085s21','Y'),('ch085s22','Y'),('ch085s23','Y'),('ch085s24','Y'),('ch085s25','Y'),('ch085s26','Y'),('ch085s27','Y'),('ch085s28','Y'),('ch085s29','Y'),('ch085s30','Y'),('ch086s01','Y'),('ch086s02','Y'),('ch086s03','Y'),('ch086s04','Y'),('ch086s05','Y'),('ch086s06','Y'),('ch086s07','Y'),('ch086s08','Y'),('ch086s09','Y'),('ch086s10','Y'),('ch086s11','Y'),('ch086s12','Y'),('ch086s13','Y'),('ch086s14','Y'),('ch086s15','Y'),('ch086s16','Y'),('ch086s17','Y'),('ch086s18','Y'),('ch086s19','Y'),('ch086s20','Y'),('ch086s21','Y'),('ch086s22','Y'),('ch086s23','N'),('ch086s24','Y'),('ch086s25','N'),('ch086s26','Y'),('ch086s27','Y'),('ch086s28','Y'),('ch086s29','Y'),('ch086s30','Y'),('ch087s01','Y'),('ch087s02','N'),('ch087s03','Y'),('ch087s04','Y'),('ch087s05','N'),('ch087s06','Y'),('ch087s07','Y'),('ch087s08','Y'),('ch087s09','Y'),('ch087s10','Y'),('ch087s11','Y'),('ch087s12','Y'),('ch087s13','Y'),('ch087s14','Y'),('ch087s15','Y'),('ch087s16','Y'),('ch087s17','Y'),('ch087s18','Y'),('ch087s19','Y'),('ch087s20','Y'),('ch087s21','Y'),('ch087s22','Y'),('ch087s23','Y'),('ch087s24','Y'),('ch087s25','Y'),('ch087s26','Y'),('ch087s27','Y'),('ch087s28','Y'),('ch087s29','Y'),('ch087s30','Y'),('ch088s01','Y'),('ch088s02','Y'),('ch088s03','Y'),('ch088s04','Y'),('ch088s05','Y'),('ch088s06','Y'),('ch088s07','Y'),('ch088s08','Y'),('ch088s09','Y'),('ch088s10','Y'),('ch088s11','Y'),('ch088s12','Y'),('ch088s13','Y'),('ch088s14','Y'),('ch088s15','Y'),('ch088s16','Y'),('ch088s17','N'),('ch088s18','Y'),('ch088s19','N'),('ch088s20','Y'),('ch088s21','Y'),('ch088s22','Y'),('ch088s23','Y'),('ch088s24','Y'),('ch088s25','Y'),('ch088s26','Y'),('ch088s27','Y'),('ch088s28','Y'),('ch088s29','Y'),('ch088s30','Y'),('ch089s01','Y'),('ch089s02','Y'),('ch089s03','Y'),('ch089s04','Y'),('ch089s05','Y'),('ch089s06','Y'),('ch089s07','Y'),('ch089s08','Y'),('ch089s09','Y'),('ch089s10','Y'),('ch089s11','Y'),('ch089s12','Y'),('ch089s13','Y'),('ch089s14','Y'),('ch089s15','Y'),('ch089s16','Y'),('ch089s17','Y'),('ch089s18','Y'),('ch089s19','Y'),('ch089s20','Y'),('ch089s21','Y'),('ch089s22','Y'),('ch089s23','Y'),('ch089s24','Y'),('ch089s25','Y'),('ch089s26','Y'),('ch089s27','N'),('ch089s28','Y'),('ch089s29','Y'),('ch089s30','Y'),('ch090s01','Y'),('ch090s02','Y'),('ch090s03','Y'),('ch090s04','Y'),('ch090s05','Y'),('ch090s06','Y'),('ch090s07','Y'),('ch090s08','Y'),('ch090s09','Y'),('ch090s10','Y'),('ch090s11','Y'),('ch090s12','Y'),('ch090s13','Y'),('ch090s14','N'),('ch090s15','Y'),('ch090s16','Y'),('ch090s17','Y'),('ch090s18','Y'),('ch090s19','Y'),('ch090s20','Y'),('ch090s21','Y'),('ch090s22','Y'),('ch090s23','Y'),('ch090s24','Y'),('ch090s25','Y'),('ch090s26','Y'),('ch090s27','Y'),('ch090s28','Y'),('ch090s29','Y'),('ch090s30','Y'),('ch091s01','Y'),('ch091s02','N'),('ch091s03','Y'),('ch091s04','Y'),('ch091s05','Y'),('ch091s06','Y'),('ch091s07','Y'),('ch091s08','Y'),('ch091s09','Y'),('ch091s10','Y'),('ch091s11','Y'),('ch091s12','Y'),('ch091s13','Y'),('ch091s14','Y'),('ch091s15','Y'),('ch091s16','Y'),('ch091s17','Y'),('ch091s18','Y'),('ch091s19','Y'),('ch091s20','Y'),('ch091s21','Y'),('ch091s22','Y'),('ch091s23','Y'),('ch091s24','Y'),('ch091s25','Y'),('ch091s26','Y'),('ch091s27','Y'),('ch091s28','Y'),('ch091s29','Y'),('ch091s30','Y'),('ch092s01','Y'),('ch092s02','Y'),('ch092s03','Y'),('ch092s04','Y'),('ch092s05','Y'),('ch092s06','Y'),('ch092s07','Y'),('ch092s08','Y'),('ch092s09','Y'),('ch092s10','Y'),('ch092s11','N'),('ch092s12','Y'),('ch092s13','Y'),('ch092s14','Y'),('ch092s15','Y'),('ch092s16','Y'),('ch092s17','Y'),('ch092s18','Y'),('ch092s19','Y'),('ch092s20','Y'),('ch092s21','Y'),('ch092s22','Y'),('ch092s23','Y'),('ch092s24','Y'),('ch092s25','Y'),('ch092s26','Y'),('ch092s27','Y'),('ch092s28','Y'),('ch092s29','Y'),('ch092s30','Y'),('ch093s01','Y'),('ch093s02','Y'),('ch093s03','Y'),('ch093s04','Y'),('ch093s05','Y'),('ch093s06','Y'),('ch093s07','Y'),('ch093s08','Y'),('ch093s09','Y'),('ch093s10','Y'),('ch093s11','Y'),('ch093s12','Y'),('ch093s13','Y'),('ch093s14','Y'),('ch093s15','Y'),('ch093s16','Y'),('ch093s17','Y'),('ch093s18','Y'),('ch093s19','Y'),('ch093s20','Y'),('ch093s21','Y'),('ch093s22','Y'),('ch093s23','Y'),('ch093s24','Y'),('ch093s25','Y'),('ch093s26','Y'),('ch093s27','Y'),('ch093s28','Y'),('ch093s29','Y'),('ch093s30','Y'),('ch094s01','Y'),('ch094s02','Y'),('ch094s03','Y'),('ch094s04','Y'),('ch094s05','Y'),('ch094s06','Y'),('ch094s07','Y'),('ch094s08','Y'),('ch094s09','Y'),('ch094s10','Y'),('ch094s11','Y'),('ch094s12','Y'),('ch094s13','Y'),('ch094s14','Y'),('ch094s15','Y'),('ch094s16','Y'),('ch094s17','Y'),('ch094s18','Y'),('ch094s19','Y'),('ch094s20','Y'),('ch094s21','Y'),('ch094s22','Y'),('ch094s23','Y'),('ch094s24','Y'),('ch094s25','N'),('ch094s26','Y'),('ch094s27','Y'),('ch094s28','Y'),('ch094s29','Y'),('ch094s30','Y'),('ch095s01','Y'),('ch095s02','Y'),('ch095s03','Y'),('ch095s04','Y'),('ch095s05','Y'),('ch095s06','Y'),('ch095s07','Y'),('ch095s08','Y'),('ch095s09','Y'),('ch095s10','Y'),('ch095s11','Y'),('ch095s12','Y'),('ch095s13','Y'),('ch095s14','Y'),('ch095s15','Y'),('ch095s16','Y'),('ch095s17','Y'),('ch095s18','Y'),('ch095s19','Y'),('ch095s20','Y'),('ch095s21','Y'),('ch095s22','Y'),('ch095s23','Y'),('ch095s24','Y'),('ch095s25','Y'),('ch095s26','Y'),('ch095s27','Y'),('ch095s28','Y'),('ch095s29','Y'),('ch095s30','N'),('ch096s01','N'),('ch096s02','Y'),('ch096s03','N'),('ch096s04','Y'),('ch096s05','Y'),('ch096s06','N'),('ch096s07','Y'),('ch096s08','N'),('ch096s09','Y'),('ch096s10','N'),('ch096s11','N'),('ch096s12','Y'),('ch096s13','N'),('ch096s14','N'),('ch096s15','Y'),('ch096s16','Y'),('ch096s17','N'),('ch096s18','N'),('ch096s19','Y'),('ch096s20','Y'),('ch096s21','Y'),('ch096s22','Y'),('ch096s23','Y'),('ch096s24','N'),('ch096s25','Y'),('ch096s26','Y'),('ch096s27','N'),('ch096s28','Y'),('ch096s29','Y'),('ch096s30','N'),('ch097s01','Y'),('ch097s02','N'),('ch097s03','Y'),('ch097s04','Y'),('ch097s05','Y'),('ch097s06','N'),('ch097s07','Y'),('ch097s08','N'),('ch097s09','N'),('ch097s10','N'),('ch097s11','N'),('ch097s12','N'),('ch097s13','Y'),('ch097s14','N'),('ch097s15','Y'),('ch097s16','N'),('ch097s17','N'),('ch097s18','N'),('ch097s19','Y'),('ch097s20','N'),('ch097s21','Y'),('ch097s22','Y'),('ch097s23','N'),('ch097s24','N'),('ch097s25','N'),('ch097s26','N'),('ch097s27','N'),('ch097s28','N'),('ch097s29','Y'),('ch097s30','Y'),('ch098s01','N'),('ch098s02','N'),('ch098s03','Y'),('ch098s04','N'),('ch098s05','N'),('ch098s06','N'),('ch098s07','Y'),('ch098s08','N'),('ch098s09','N'),('ch098s10','N'),('ch098s11','Y'),('ch098s12','Y'),('ch098s13','Y'),('ch098s14','N'),('ch098s15','Y'),('ch098s16','Y'),('ch098s17','Y'),('ch098s18','Y'),('ch098s19','Y'),('ch098s20','Y'),('ch098s21','N'),('ch098s22','Y'),('ch098s23','Y'),('ch098s24','Y'),('ch098s25','N'),('ch098s26','N'),('ch098s27','Y'),('ch098s28','N'),('ch098s29','N'),('ch098s30','Y'),('ch099s01','Y'),('ch099s02','N'),('ch099s03','N'),('ch099s04','N'),('ch099s05','N'),('ch099s06','Y'),('ch099s07','Y'),('ch099s08','Y'),('ch099s09','N'),('ch099s10','N'),('ch099s11','N'),('ch099s12','N'),('ch099s13','Y'),('ch099s14','Y'),('ch099s15','N'),('ch099s16','N'),('ch099s17','Y'),('ch099s18','N'),('ch099s19','Y'),('ch099s20','Y'),('ch099s21','Y'),('ch099s22','Y'),('ch099s23','N'),('ch099s24','Y'),('ch099s25','Y'),('ch099s26','Y'),('ch099s27','Y'),('ch099s28','N'),('ch099s29','Y'),('ch099s30','N'),('ch100s01','N'),('ch100s02','N'),('ch100s03','Y'),('ch100s04','Y'),('ch100s05','Y'),('ch100s06','Y'),('ch100s07','N'),('ch100s08','N'),('ch100s09','N'),('ch100s10','N'),('ch100s11','Y'),('ch100s12','Y'),('ch100s13','Y'),('ch100s14','Y'),('ch100s15','N'),('ch100s16','Y'),('ch100s17','N'),('ch100s18','N'),('ch100s19','N'),('ch100s20','N'),('ch100s21','N'),('ch100s22','N'),('ch100s23','Y'),('ch100s24','N'),('ch100s25','Y'),('ch100s26','Y'),('ch100s27','N'),('ch100s28','Y'),('ch100s29','N'),('ch100s30','N');
/*!40000 ALTER TABLE `seat` ENABLE KEYS */;
UNLOCK TABLES;

--
-- Table structure for table `seats_sold`
--

DROP TABLE IF EXISTS `seats_sold`;
/*!40101 SET @saved_cs_client     = @@character_set_client */;
/*!50503 SET character_set_client = utf8mb4 */;
CREATE TABLE `seats_sold` (
  `schedule_id` varchar(20) DEFAULT NULL,
  `sold` varchar(10) DEFAULT NULL,
  KEY `schedule_id` (`schedule_id`),
  CONSTRAINT `seats_sold_ibfk_1` FOREIGN KEY (`schedule_id`) REFERENCES `schedule` (`schedule_id`)
) ENGINE=InnoDB DEFAULT CHARSET=utf8mb4 COLLATE=utf8mb4_0900_ai_ci;
/*!40101 SET character_set_client = @saved_cs_client */;

--
-- Dumping data for table `seats_sold`
--

LOCK TABLES `seats_sold` WRITE;
/*!40000 ALTER TABLE `seats_sold` DISABLE KEYS */;
INSERT INTO `seats_sold` VALUES ('sch0001','15'),('sch0002','20'),('sch0003','10'),('sch0004','25'),('sch0005','18'),('sch0006','28'),('sch0007','12'),('sch0008','22'),('sch0009','30'),('sch0010','14'),('sch0011','26'),('sch0012','8'),('sch0013','24'),('sch0014','16'),('sch0015','29'),('sch0016','11'),('sch0017','23'),('sch0018','9'),('sch0019','27'),('sch0020','17'),('sch0021','13'),('sch0022','19'),('sch0023','7'),('sch0024','21'),('sch0025','30'),('sch0026','20'),('sch0027','15'),('sch0028','25'),('sch0029','18'),('sch0030','28'),('sch0031','16'),('sch0032','23'),('sch0033','9'),('sch0034','27'),('sch0035','14'),('sch0036','19'),('sch0037','11'),('sch0038','26'),('sch0039','18'),('sch0040','22'),('sch0041','8'),('sch0042','20'),('sch0043','28'),('sch0044','15'),('sch0045','24'),('sch0046','10'),('sch0047','21'),('sch0048','12'),('sch0049','29'),('sch0050','17');
/*!40000 ALTER TABLE `seats_sold` ENABLE KEYS */;
UNLOCK TABLES;

--
-- Table structure for table `staff`
--

DROP TABLE IF EXISTS `staff`;
/*!40101 SET @saved_cs_client     = @@character_set_client */;
/*!50503 SET character_set_client = utf8mb4 */;
CREATE TABLE `staff` (
  `staff_id` varchar(20) NOT NULL,
  `staff_name` varchar(20) DEFAULT NULL,
  `contact` int DEFAULT NULL,
  `address` varchar(20) DEFAULT NULL,
  PRIMARY KEY (`staff_id`)
) ENGINE=InnoDB DEFAULT CHARSET=utf8mb4 COLLATE=utf8mb4_0900_ai_ci;
/*!40101 SET character_set_client = @saved_cs_client */;

--
-- Dumping data for table `staff`
--

LOCK TABLES `staff` WRITE;
/*!40000 ALTER TABLE `staff` DISABLE KEYS */;
INSERT INTO `staff` VALUES ('stf001','John Doe',1234567890,'Mumbai'),('stf002','Jane Smith',2147483647,'Delhi'),('stf003','Michael Johnson',2147483647,'Bangalore'),('stf004','Emily Davis',1112223333,'Hyderabad'),('stf005','Chris Wilson',2147483647,'Chennai'),('stf006','Sarah Brown',2147483647,'Kolkata'),('stf007','David Miller',2147483647,'Ahmedabad'),('stf008','Amy Taylor',2147483647,'Pune'),('stf009','Brian White',2147483647,'Jaipur'),('stf010','Lisa Anderson',2147483647,'Lucknow'),('stf011','Mark Turner',2147483647,'Kanpur'),('stf012','Julia Garcia',2147483647,'Nagpur'),('stf013','Kevin Brown',2147483647,'Indore'),('stf014','Anna Martinez',2147483647,'Thane'),('stf015','Robert Johnson',2147483647,'Bhopal'),('stf016','Megan Davis',2147483647,'Visakhapatnam'),('stf017','James Wilson',1232345678,'Pimpri-Chinchwad'),('stf018','Amanda White',2147483647,'Patna'),('stf019','Matthew Smith',2147483647,'Vadodara'),('stf020','Olivia Taylor',2147483647,'Ghaziabad'),('stf021','Christopher Lee',2147483647,'Ludhiana'),('stf022','Emma Walker',2147483647,'Agra'),('stf023','Brandon Clark',2147483647,'Faridabad'),('stf024','Sophia Turner',2147483647,'Meerut'),('stf025','Michaela Brown',2147483647,'Rajkot'),('stf026','Daniel Davis',2147483647,'Srinagar'),('stf027','Grace Wilson',2147483647,'Dhanbad'),('stf028','Justin White',1234567890,'Amritsar'),('stf029','Ella Martinez',2147483647,'Allahabad'),('stf030','Andrew Johnson',2147483647,'Jabalpur'),('stf031','Chloe Smith',2147483647,'Madurai'),('stf032','Ryan Taylor',123456789,'Raipur'),('stf033','Isabella Wilson',2147483647,'Kota'),('stf034','Jeffrey Clark',2147483647,'Chandigarh'),('stf035','Natalie Turner',2147483647,'Jodhpur'),('stf036','Jeremy Davis',2147483647,'Guwahati'),('stf037','Lily Brown',1234567890,'Solapur'),('stf038','Carlos Smith',2147483647,'Durgapur'),('stf039','Kylie Martinez',2147483647,'Belgaum'),('stf040','Tyler Johnson',2147483647,'Salem'),('stf041','Abigail Taylor',123456789,'Trichy'),('stf042','Dylan White',2147483647,'Karnal'),('stf043','Samantha Wilson',2147483647,'Jalandhar'),('stf044','Aiden Turner',2147483647,'Jammu'),('stf045','Sophie Davis',2147483647,'Agartala'),('stf046','Logan Brown',1234567890,'Ujjain'),('stf047','Evelyn Smith',2147483647,'Rourkela'),('stf048','Jackson Martinez',2147483647,'Bilaspur'),('stf049','Harper Johnson',2147483647,'Shimla'),('stf050','Owen Taylor',123456789,'Nellore'),('stf051','Addison Wilson',2147483647,'Mangalore'),('stf052','Nathan Clark',2147483647,'Gaya'),('stf053','Zoe Turner',2147483647,'Tirunelveli'),('stf054','Liam Davis',2147483647,'Gulbarga'),('stf055','Ava Brown',1234567890,'Dehradun'),('stf056','Cooper Smith',2147483647,'Dhule'),('stf057','Emily Martinez',2147483647,'Bhagalpur'),('stf058','Ethan Johnson',2147483647,'Kollam'),('stf059','Charlotte Taylor',123456789,'Kurnool'),('stf060','Mason Wilson',2147483647,'Udaipur'),('stf061','Scarlett Clark',2147483647,'Tumkur'),('stf062','Jack Turner',2147483647,'Yamunanagar'),('stf063','Hannah Davis',2147483647,'Tiruppur'),('stf064','David Smith',1234567890,'Ambala'),('stf065','Leah Martinez',2147483647,'Bhatpara'),('stf066','Connor Johnson',2147483647,'Amravati'),('stf067','Lillian Taylor',2147483647,'Bardhaman'),('stf068','Gavin Wilson',123456789,'Bhiwani'),('stf069','Isaac Clark',2147483647,'Bhusawal'),('stf070','Avery Turner',2147483647,'Bongaigaon'),('stf071','Ella Davis',2147483647,'Bulandshahr'),('stf072','Brayden Smith',2147483647,'Darbhanga'),('stf073','Mia Martinez',1234567890,'Eluru'),('stf074','Caleb Johnson',2147483647,'Gandhinagar'),('stf075','Sofia Taylor',2147483647,'Giridih'),('stf076','Lucas Wilson',2147483647,'Haldia'),('stf077','Evelyn Clark',123456789,'Hazaribagh'),('stf078','Aiden Turner',2147483647,'Jalna'),('stf079','Aria Davis',2147483647,'Jhansi'),('stf080','Nolan Smith',2147483647,'Kamarhati'),('stf081','Audrey Martinez',2147483647,'Kancheepuram'),('stf082','Landon Johnson',1234567890,'Karnal'),('stf083','Aaliyah Taylor',2147483647,'Kollam'),('stf084','Grayson Wilson',2147483647,'Latur'),('stf085','Sophie Clark',2147483647,'Machilipatnam'),('stf086','Oliver Turner',123456789,'Munger'),('stf087','Amelia Davis',2147483647,'Muzaffarpur'),('stf088','Logan Smith',2147483647,'Nadiad'),('stf089','Lily Johnson',2147483647,'Pathankot'),('stf090','Mason Taylor',2147483647,'Purnia'),('stf091','Zoe Wilson',1234567890,'Ratlam'),('stf092','Liam Clark',2147483647,'Rewa'),('stf093','Emma Turner',2147483647,'Saharsa'),('stf094','Jackson Davis',2147483647,'Sambalpur'),('stf095','Ava Smith',123456789,'Shimla'),('stf096','Olivia Johnson',2147483647,'Sikar'),('stf097','Noah Taylor',2147483647,'Sitapur'),('stf098','Isabella Wilson',2147483647,'Thanjavur'),('stf099','William Turner',2147483647,'Thoothukudi'),('stf100','Sophia Clark',1234567890,'Tirupati'),('stf101','Lucas Davis',2147483647,'Trivandrum'),('stf102','Emma Smith',2147483647,'Ujjain'),('stf103','Liam Wilson',2147483647,'Vellore'),('stf104','Ava Turner',123456789,'Vijayanagaram'),('stf105','Oliver Martinez',2147483647,'Vizianagaram'),('stf106','Amelia Johnson',2147483647,'Warangal'),('stf107','Jackson Davis',2147483647,'Yamunanagar'),('stf108','Emily Clark',2147483647,'Bilaspur'),('stf109','Mia Smith',1234567890,'Shimla'),('stf110','Caleb Wilson',2147483647,'Ambala'),('stf111','Sofia Turner',2147483647,'Dhule'),('stf112','Lucas Martinez',2147483647,'Nagpur'),('stf113','Evelyn Johnson',123456789,'Sangli'),('stf114','Aiden Davis',2147483647,'Mangalore'),('stf115','Aria Smith',2147483647,'Kanpur'),('stf116','Nolan Turner',2147483647,'Patna'),('stf117','Audrey Clark',2147483647,'Noida'),('stf118','Landon Smith',1234567890,'Lucknow'),('stf119','Aaliyah Turner',2147483647,'Agra'),('stf120','Grayson Davis',2147483647,'Kolkata'),('stf121','Sophie Smith',2147483647,'Bangalore'),('stf122','Oliver Wilson',123456789,'Hyderabad'),('stf123','Amelia Turner',2147483647,'Chennai'),('stf124','Logan Martinez',2147483647,'Mumbai'),('stf125','Lily Johnson',2147483647,'Delhi'),('stf126','Mason Davis',2147483647,'Pune'),('stf127','Zoe Smith',1234567890,'Ahmedabad'),('stf128','Liam Turner',2147483647,'Jaipur'),('stf129','Emma Davis',2147483647,'Lucknow'),('stf130','Jack Smith',2147483647,'Kanpur'),('stf131','Hannah Turner',123456789,'Indore'),('stf132','David Davis',2147483647,'Thane'),('stf133','Leah Smith',2147483647,'Bhopal'),('stf134','Connor Turner',2147483647,'Visakhapatnam'),('stf135','Lillian Davis',2147483647,'Pimpri-Chinchwad'),('stf136','Gavin Smith',1234567890,'Patna'),('stf137','Isaac Turner',2147483647,'Vadodara'),('stf138','Avery Davis',2147483647,'Ghaziabad'),('stf139','Ella Smith',2147483647,'Ludhiana'),('stf140','Brayden Turner',123456789,'Agra'),('stf141','Aria Davis',2147483647,'Faridabad'),('stf142','Noah Smith',2147483647,'Meerut'),('stf143','Sofia Turner',2147483647,'Rajkot'),('stf144','Lucas Davis',2147483647,'Srinagar'),('stf145','Evelyn Smith',1234567890,'Dhanbad'),('stf146','Aiden Turner',2147483647,'Amritsar'),('stf147','Ava Davis',2147483647,'Allahabad'),('stf148','Oliver Smith',2147483647,'Jabalpur'),('stf149','Amelia Turner',123456789,'Madurai'),('stf150','Logan Davis',2147483647,'Raipur');
/*!40000 ALTER TABLE `staff` ENABLE KEYS */;
UNLOCK TABLES;

--
-- Table structure for table `station`
--

DROP TABLE IF EXISTS `station`;
/*!40101 SET @saved_cs_client     = @@character_set_client */;
/*!50503 SET character_set_client = utf8mb4 */;
CREATE TABLE `station` (
  `station_id` varchar(20) NOT NULL,
  `station_name` varchar(20) DEFAULT NULL,
  PRIMARY KEY (`station_id`)
) ENGINE=InnoDB DEFAULT CHARSET=utf8mb4 COLLATE=utf8mb4_0900_ai_ci;
/*!40101 SET character_set_client = @saved_cs_client */;

--
-- Dumping data for table `station`
--

LOCK TABLES `station` WRITE;
/*!40000 ALTER TABLE `station` DISABLE KEYS */;
INSERT INTO `station` VALUES ('st001','Mumbai'),('st002','Delhi'),('st003','Bengaluru'),('st004','Hyderabad'),('st005','Chennai'),('st006','Kolkata'),('st007','Ahmedabad'),('st008','Pune'),('st009','Jaipur'),('st010','Lucknow'),('st011','Kanpur'),('st012','Nagpur'),('st013','Indore'),('st014','Thane'),('st015','Bhopal'),('st016','Visakhapatnam'),('st017','Pimpri-Chinchwad'),('st018','Patna'),('st019','Vadodara'),('st020','Goa'),('st021','Ludhiana'),('st022','Ajmer'),('st023','Faridabad'),('st024','Meerut'),('st025','Rajkot'),('st026','Srinagar'),('st027','dharwad'),('st028','Amritsar'),('st029','Allahabad'),('st030','Jabalpur'),('st031','Madurai'),('st032','Lonavala'),('st033','Kota'),('st034','Chandigarh'),('st035','Jodhpur'),('st036','Guwahati'),('st037','Solapur'),('st038','Durgapur'),('st039','Belgaum'),('st040','Salem'),('st041','Trichy'),('st042','Karnal'),('st043','Jalandhar'),('st044','Jammu'),('st045','Agartala'),('st046','Ujjain'),('st047','Rourkela'),('st048','Bilaspur'),('st049','Shimla'),('st050','Nellore');
/*!40000 ALTER TABLE `station` ENABLE KEYS */;
UNLOCK TABLES;

--
-- Table structure for table `ticket`
--

DROP TABLE IF EXISTS `ticket`;
/*!40101 SET @saved_cs_client     = @@character_set_client */;
/*!50503 SET character_set_client = utf8mb4 */;
CREATE TABLE `ticket` (
  `ticket_id` varchar(20) NOT NULL,
  `price` int DEFAULT NULL,
  `passenger_id` varchar(20) DEFAULT NULL,
  `seat_id` varchar(20) DEFAULT NULL,
  `discount` int DEFAULT NULL,
  `travel_agent_id` varchar(20) DEFAULT NULL,
  `schedule_id` varchar(20) DEFAULT NULL,
  `booking_date` date DEFAULT NULL,
  `commission` decimal(10,2) DEFAULT NULL,
  PRIMARY KEY (`ticket_id`),
  KEY `passenger_id` (`passenger_id`),
  KEY `travel_agent_id` (`travel_agent_id`),
  KEY `schedule_id` (`schedule_id`),
  CONSTRAINT `ticket_ibfk_1` FOREIGN KEY (`passenger_id`) REFERENCES `passenger` (`pass_id`),
  CONSTRAINT `ticket_ibfk_2` FOREIGN KEY (`travel_agent_id`) REFERENCES `travel_agent` (`agent_id`),
  CONSTRAINT `ticket_ibfk_3` FOREIGN KEY (`travel_agent_id`) REFERENCES `travel_agent` (`agent_id`),
  CONSTRAINT `ticket_ibfk_4` FOREIGN KEY (`schedule_id`) REFERENCES `schedule` (`schedule_id`)
) ENGINE=InnoDB DEFAULT CHARSET=utf8mb4 COLLATE=utf8mb4_0900_ai_ci;
/*!40101 SET character_set_client = @saved_cs_client */;

--
-- Dumping data for table `ticket`
--

LOCK TABLES `ticket` WRITE;
/*!40000 ALTER TABLE `ticket` DISABLE KEYS */;
INSERT INTO `ticket` VALUES ('tk0001',435,'p032','ch002s15',0,NULL,'sch0005','2023-10-28',43.50),('tk0002',425,'p028','ch003s11',0,'agent_013','sch0003','2023-11-12',42.50),('tk0003',415,'p039','ch004s17',42,'agent_023','sch0004','2023-10-19',41.50),('tk0004',320,'p026','ch010s05',80,'agent_014','sch0016','2023-10-26',32.00),('tk0005',410,'p014','ch006s21',0,'agent_001','sch0037','2023-09-29',41.00),('tk0006',375,'p035','ch007s07',94,'agent_025','sch0007','2023-11-10',37.50),('tk0007',450,'p054','ch008s07',0,'agent_005','sch0019','2023-09-17',45.00),('tk0008',420,'p007','ch014s04',0,'agent_025','sch0021','2023-10-07',42.00),('tk0009',420,'p040','ch015s04',0,'agent_024','sch0033','2023-11-30',42.00),('tk0010',375,'p036','ch011s25',0,'agent_010','sch0030','2023-11-28',37.50),('tk0011',495,'p006','ch012s09',124,'agent_023','sch0015','2023-09-29',49.50),('tk0012',475,'p057','ch018s30',48,'agent_025','sch0016','2023-10-11',47.50),('tk0013',480,'p002','ch019s23',0,'agent_008','sch0050','2023-11-17',48.00),('tk0014',320,'p086','ch020s10',32,'agent_008','sch0014','2023-11-30',32.00),('tk0015',370,'p043','ch016s03',93,'agent_009','sch0049','2023-11-18',37.00),('tk0016',415,'p046','ch022s11',0,NULL,'sch0022','2023-10-19',41.50),('tk0017',310,'p044','ch023s11',78,'agent_019','sch0031','2023-11-28',31.00),('tk0018',485,'p027','ch024s16',0,'agent_004','sch0013','2023-09-02',48.50),('tk0019',315,'p099','ch025s21',32,NULL,'sch0046','2023-10-11',31.50),('tk0020',440,'p011','ch021s13',0,'agent_012','sch0018','2023-11-13',44.00),('tk0021',375,'p013','ch022s19',0,'agent_001','sch0010','2023-09-29',37.50),('tk0022',420,'p072','ch023s24',42,'agent_023','sch0033','2023-10-02',42.00),('tk0023',350,'p065','ch024s04',35,'agent_024','sch0041','2023-10-22',35.00),('tk0024',460,'p079','ch035s27',115,'agent_003','sch0019','2023-11-22',46.00),('tk0025',365,'p007','ch031s16',0,NULL,'sch0035','2023-11-22',36.50),('tk0026',430,'p012','ch032s14',108,'agent_013','sch0023','2023-10-11',43.00),('tk0027',405,'p048','ch033s04',0,'agent_019','sch0008','2023-11-27',40.50),('tk0028',485,'p008','ch034s12',0,NULL,'sch0048','2023-10-16',48.50),('tk0029',495,'p072','ch035s03',50,NULL,'sch0014','2023-10-26',49.50),('tk0030',355,'p083','ch031s17',36,'agent_017','sch0019','2023-11-30',35.50),('tk0031',340,'p100','ch032s21',85,'agent_004','sch0023','2023-11-23',34.00),('tk0032',480,'p019','ch038s12',0,'agent_001','sch0005','2023-09-29',48.00),('tk0033',475,'p060','ch039s03',48,'agent_014','sch0011','2023-11-26',47.50),('tk0034',305,'p064','ch040s28',0,NULL,'sch0026','2023-10-04',30.50),('tk0035',395,'p011','ch036s22',0,NULL,'sch0015','2023-11-29',39.50),('tk0036',425,'p026','ch037s11',106,'agent_009','sch0022','2023-10-11',42.50),('tk0037',460,'p027','ch038s27',0,NULL,'sch0004','2023-11-06',46.00),('tk0038',375,'p085','ch039s19',94,'agent_025','sch0025','2023-10-05',37.50),('tk0039',385,'p014','ch040s13',0,NULL,'sch0040','2023-11-06',38.50),('tk0040',500,'p085','ch041s06',125,NULL,'sch0034','2023-10-04',50.00),('tk0041',420,'p073','ch042s03',42,NULL,'sch0006','2023-10-23',42.00),('tk0042',365,'p042','ch043s20',0,NULL,'sch0031','2023-10-24',36.50),('tk0043',340,'p059','ch044s14',0,NULL,'sch0032','2023-10-28',34.00),('tk0044',355,'p073','ch050s23',36,NULL,'sch0022','2023-11-24',35.50),('tk0045',345,'p022','ch046s08',86,'agent_015','sch0015','2023-10-11',34.50),('tk0046',500,'p060','ch047s19',50,'agent_017','sch0004','2023-11-12',50.00),('tk0047',470,'p034','ch048s01',0,NULL,'sch0031','2023-10-28',47.00),('tk0048',300,'p027','ch054s02',0,NULL,'sch0046','2023-10-24',30.00),('tk0049',360,'p086','ch055s28',36,'agent_013','sch0018','2023-10-23',36.00),('tk0050',470,'p032','ch051s06',0,'agent_020','sch0007','2023-11-22',47.00),('tk0051',305,'p014','ch052s13',0,'agent_018','sch0015','2023-11-27',30.50),('tk0052',435,'p069','ch058s29',44,NULL,'sch0049','2023-11-19',43.50),('tk0053',350,'p060','ch059s22',35,'agent_017','sch0034','2023-10-19',35.00),('tk0054',395,'p015','ch060s12',0,NULL,'sch0037','2023-10-19',39.50),('tk0055',340,'p025','ch056s10',0,'agent_013','sch0024','2023-10-03',34.00),('tk0056',315,'p043','ch062s19',79,'agent_014','sch0048','2023-10-12',31.50),('tk0057',355,'p017','ch063s23',0,NULL,'sch0011','2023-11-10',35.50),('tk0058',335,'p085','ch064s14',84,'agent_009','sch0017','2023-10-15',33.50),('tk0059',495,'p098','ch065s18',50,'agent_011','sch0034','2023-10-11',49.50),('tk0060',350,'p013','ch061s23',0,'agent_008','sch0018','2023-11-29',35.00),('tk0061',435,'p027','ch062s07',0,NULL,'sch0007','2023-10-03',43.50),('tk0062',330,'p099','ch063s18',33,'agent_004','sch0047','2023-11-24',33.00),('tk0063',470,'p048','ch064s11',0,'agent_021','sch0027','2023-11-21',47.00),('tk0064',330,'p091','ch070s30',33,NULL,'sch0013','2023-11-30',33.00),('tk0065',315,'p010','ch066s01',0,'agent_021','sch0026','2023-11-21',31.50),('tk0066',385,'p004','ch067s17',0,'agent_002','sch0044','2023-10-05',38.50),('tk0067',495,'p062','ch068s06',124,NULL,'sch0039','2023-10-08',49.50),('tk0068',320,'p087','ch074s30',80,'agent_009','sch0013','2023-11-27',32.00),('tk0069',495,'p042','ch075s19',0,NULL,'sch0016','2023-10-24',49.50),('tk0070',500,'p006','ch071s21',125,'agent_005','sch0042','2023-09-17',50.00),('tk0071',440,'p069','ch072s14',44,'agent_025','sch0038','2023-10-12',44.00),('tk0072',375,'p004','ch078s21',0,'agent_009','sch0013','2023-10-07',37.50),('tk0073',445,'p051','ch079s08',0,'agent_004','sch0023','2023-11-27',44.50),('tk0074',370,'p080','ch080s14',37,NULL,'sch0049','2023-11-28',37.00),('tk0075',445,'p036','ch076s03',0,'agent_019','sch0046','2023-11-28',44.50),('tk0076',370,'p003','ch082s12',0,'agent_009','sch0004','2023-10-23',37.00),('tk0077',430,'p027','ch083s25',0,'agent_013','sch0040','2023-10-24',43.00),('tk0078',350,'p080','ch084s03',35,NULL,'sch0009','2023-10-12',35.00),('tk0079',375,'p098','ch085s10',38,'agent_012','sch0048','2023-10-11',37.50),('tk0080',390,'p009','ch086s25',98,'agent_001','sch0024','2023-09-29',39.00),('tk0081',340,'p042','ch087s02',0,'agent_017','sch0007','2023-11-24',34.00),('tk0082',340,'p042','ch088s17',0,'agent_015','sch0035','2023-09-02',34.00),('tk0083',380,'p032','ch089s27',0,'agent_022','sch0006','2023-11-13',38.00),('tk0084',480,'p007','ch090s14',0,NULL,'sch0003','2023-11-19',48.00),('tk0085',315,'p078','ch086s23',32,'agent_001','sch0011','2023-09-29',31.50),('tk0086',340,'p011','ch087s05',0,'agent_012','sch0038','2023-11-13',34.00),('tk0087',350,'p040','ch088s19',0,'agent_010','sch0022','2023-10-19',35.00),('tk0088',440,'p093','ch094s25',44,NULL,'sch0019','2023-10-02',44.00),('tk0089',415,'p007','ch095s30',0,'agent_019','sch0036','2023-10-06',41.50),('tk0090',425,'p003','ch091s02',0,'agent_002','sch0027','2023-11-11',42.50),('tk0091',485,'p067','ch092s11',0,NULL,'sch0042','2023-10-06',48.50),('tk0092',470,'p085','ch098s25',118,'agent_007','sch0007','2023-10-15',47.00),('tk0093',405,'p083','ch099s05',41,'agent_015','sch0007','2023-11-23',40.50),('tk0094',445,'p009','ch100s20',111,'agent_018','sch0014','2023-10-18',44.50),('tk0095',325,'p030','ch096s24',0,'agent_005','sch0028','2023-09-17',32.50),('tk0096',415,'p031','ch097s20',104,NULL,'sch0035','2023-10-04',41.50),('tk0097',440,'p059','ch098s09',0,NULL,'sch0014','2023-11-21',44.00),('tk0098',345,'p041','ch099s23',86,'agent_006','sch0049','2023-11-24',34.50),('tk0099',445,'p085','ch100s21',111,'agent_017','sch0014','2023-11-06',44.50),('tk0100',350,'p083','ch096s17',35,'agent_017','sch0007','2023-11-26',35.00),('tk0101',395,'p028','ch097s06',0,'agent_024','sch0050','2023-11-23',39.50),('tk0102',475,'p046','ch098s06',0,'agent_010','sch0009','2023-11-11',47.50),('tk0103',310,'p048','ch099s28',0,'agent_015','sch0021','2023-10-24',31.00),('tk0104',355,'p091','ch100s18',36,NULL,'sch0024','2023-10-19',35.50),('tk0105',350,'p082','ch096s30',88,'agent_018','sch0005','2023-09-02',35.00),('tk0106',475,'p037','ch097s10',48,NULL,'sch0003','2023-11-27',47.50),('tk0107',340,'p035','ch098s28',85,'agent_008','sch0010','2023-10-28',34.00),('tk0108',480,'p004','ch099s11',0,'agent_001','sch0050','2023-09-29',48.00),('tk0109',485,'p064','ch100s20',0,NULL,'sch0022','2023-10-14',48.50),('tk0110',405,'p066','ch096s06',101,'agent_002','sch0020','2023-10-25',40.50),('tk0111',475,'p014','ch097s02',0,'agent_018','sch0008','2023-11-06',47.50),('tk0112',350,'p075','ch098s14',0,'agent_004','sch0004','2023-11-06',35.00),('tk0113',475,'p077','ch099s23',48,NULL,'sch0044','2023-11-21',47.50),('tk0114',475,'p032','ch100s24',0,'agent_006','sch0002','2023-10-12',47.50),('tk0115',455,'p037','ch096s18',46,NULL,'sch0012','2023-11-12',45.50),('tk0116',480,'p001','ch097s26',0,'agent_003','sch0050','2023-11-21',48.00),('tk0117',320,'p055','ch098s09',80,NULL,'sch0004','2023-10-23',32.00),('tk0118',350,'p033','ch099s03',88,NULL,'sch0040','2023-11-04',35.00),('tk0119',365,'p032','ch100s07',0,NULL,'sch0047','2023-10-18',36.50),('tk0120',445,'p079','ch096s13',111,'agent_006','sch0011','2023-11-10',44.50),('tk0121',385,'p095','ch097s23',96,'agent_012','sch0011','2023-10-22',38.50),('tk0122',445,'p022','ch098s10',111,'agent_021','sch0018','2023-11-22',44.50),('tk0123',385,'p038','ch099s09',0,NULL,'sch0026','2023-11-24',38.50),('tk0124',420,'p050','ch100s30',0,'agent_013','sch0001','2023-09-29',42.00),('tk0125',470,'p006','ch096s11',118,NULL,'sch0034','2023-11-06',47.00),('tk0126',420,'p073','ch097s17',42,'agent_021','sch0041','2023-10-11',42.00),('tk0127',320,'p062','ch098s14',80,NULL,'sch0028','2023-11-06',32.00),('tk0128',395,'p020','ch099s02',0,'agent_018','sch0048','2023-11-06',39.50),('tk0129',370,'p100','ch100s02',93,'agent_016','sch0020','2023-11-09',37.00),('tk0130',370,'p029','ch096s08',37,'agent_018','sch0037','2023-10-24',37.00),('tk0131',390,'p032','ch097s06',0,'agent_006','sch0010','2023-11-29',39.00),('tk0132',475,'p027','ch098s25',0,NULL,'sch0041','2023-11-09',47.50),('tk0133',420,'p064','ch099s18',0,'agent_016','sch0022','2023-11-29',42.00),('tk0134',380,'p077','ch100s20',38,'agent_011','sch0018','2023-11-21',38.00),('tk0135',310,'p089','ch096s10',78,'agent_017','sch0013','2023-11-17',31.00),('tk0136',320,'p008','ch097s27',0,NULL,'sch0042','2023-10-06',32.00),('tk0137',410,'p084','ch098s14',103,'agent_022','sch0019','2023-11-23',41.00),('tk0138',395,'p040','ch099s10',0,'agent_011','sch0023','2023-10-07',39.50),('tk0139',430,'p067','ch100s15',0,NULL,'sch0027','2023-11-11',43.00),('tk0140',315,'p092','ch096s03',32,'agent_010','sch0015','2023-10-26',31.50),('tk0141',500,'p076','ch097s09',50,NULL,'sch0001','2023-10-02',50.00),('tk0142',400,'p008','ch098s29',0,NULL,'sch0035','2023-11-11',40.00),('tk0143',500,'p052','ch099s10',0,NULL,'sch0017','2023-10-02',50.00),('tk0144',405,'p050','ch100s07',0,'agent_013','sch0015','2023-10-11',40.50),('tk0145',335,'p056','ch096s01',0,NULL,'sch0019','2023-11-10',33.50),('tk0146',365,'p035','ch097s12',91,'agent_001','sch0023','2023-09-29',36.50),('tk0147',455,'p049','ch098s04',46,'agent_020','sch0027','2023-11-24',45.50),('tk0148',335,'p092','ch099s10',34,NULL,'sch0009','2023-11-24',33.50),('tk0149',400,'p009','ch100s01',100,'agent_024','sch0045','2023-11-28',40.00),('tk0150',480,'p028','ch096s01',0,NULL,'sch0020','2023-10-19',48.00),('tk0151',465,'p003','ch097s14',0,'agent_001','sch0049','2023-09-29',46.50),('tk0152',375,'p055','ch098s08',94,'agent_002','sch0016','2023-11-17',37.50),('tk0153',470,'p053','ch099s23',47,NULL,'sch0019','2023-11-24',47.00),('tk0154',400,'p071','ch100s17',100,'agent_019','sch0040','2023-10-18',40.00),('tk0155',305,'p079','ch096s27',76,NULL,'sch0006','2023-11-06',30.50),('tk0156',380,'p034','ch097s18',0,'agent_005','sch0015','2023-09-17',38.00),('tk0157',350,'p060','ch098s01',35,'agent_023','sch0003','2023-11-24',35.00),('tk0158',465,'p064','ch099s04',0,'agent_012','sch0043','2023-10-18',46.50),('tk0159',380,'p097','ch100s08',38,'agent_018','sch0047','2023-10-05',38.00),('tk0160',310,'p097','ch096s14',31,'agent_004','sch0033','2023-10-05',31.00),('tk0161',470,'p092','ch097s11',47,'agent_020','sch0048','2023-11-29',47.00),('tk0162',435,'p088','ch098s21',109,'agent_011','sch0038','2023-11-11',43.50),('tk0163',380,'p068','ch099s15',0,'agent_018','sch0002','2023-11-30',38.00),('tk0164',380,'p046','ch100s10',0,'agent_016','sch0036','2023-11-02',38.00),('tk0165',435,'p035','ch096s13',109,NULL,'sch0035','2023-11-12',43.50),('tk0166',320,'p037','ch097s28',32,'agent_010','sch0048','2023-10-07',32.00),('tk0167',390,'p076','ch098s05',39,'agent_023','sch0002','2023-11-05',39.00),('tk0168',335,'p050','ch099s05',0,NULL,'sch0015','2023-10-28',33.50),('tk0169',490,'p017','ch100s22',0,NULL,'sch0041','2023-10-24',49.00),('tk0170',380,'p032','ch096s17',0,'agent_025','sch0049','2023-11-13',38.00),('tk0171',445,'p035','ch097s08',111,'agent_024','sch0016','2023-10-10',44.50),('tk0172',315,'p077','ch098s21',32,NULL,'sch0001','2023-11-27',31.50),('tk0173',460,'p037','ch099s16',46,'agent_018','sch0027','2023-10-24',46.00),('tk0174',405,'p002','ch100s29',0,'agent_009','sch0035','2023-11-28',40.50),('tk0175',480,'p007','ch096s27',0,'agent_010','sch0018','2023-10-31',48.00),('tk0176',335,'p009','ch097s10',84,'agent_014','sch0037','2023-10-07',33.50),('tk0177',435,'p028','ch098s26',0,NULL,'sch0014','2023-10-10',43.50),('tk0178',300,'p091','ch099s03',30,NULL,'sch0002','2023-10-02',30.00),('tk0179',495,'p062','ch100s19',124,NULL,'sch0049','2023-11-04',49.50),('tk0180',315,'p048','ch096s11',0,'agent_001','sch0017','2023-09-29',31.50),('tk0181',410,'p012','ch097s16',103,'agent_001','sch0004','2023-09-29',41.00),('tk0182',395,'p061','ch098s09',0,'agent_021','sch0038','2023-10-06',39.50),('tk0183',370,'p010','ch099s30',0,'agent_024','sch0045','2023-10-21',37.00),('tk0184',465,'p005','ch100s27',116,NULL,'sch0004','2023-11-29',46.50),('tk0185',320,'p027','ch096s24',0,'agent_005','sch0017','2023-09-17',32.00),('tk0186',425,'p034','ch097s24',0,'agent_011','sch0047','2023-10-12',42.50),('tk0187',340,'p046','ch098s02',0,NULL,'sch0043','2023-10-22',34.00),('tk0188',345,'p067','ch099s12',0,'agent_004','sch0011','2023-11-24',34.50),('tk0189',445,'p038','ch100s10',0,NULL,'sch0025','2023-10-10',44.50),('tk0190',360,'p048','ch096s30',0,NULL,'sch0025','2023-10-22',36.00),('tk0191',405,'p024','ch097s25',0,NULL,'sch0041','2023-10-12',40.50),('tk0192',425,'p045','ch098s14',0,NULL,'sch0049','2023-10-07',42.50),('tk0193',475,'p006','ch099s12',119,NULL,'sch0008','2023-11-13',47.50),('tk0194',405,'p034','ch100s17',0,'agent_022','sch0042','2023-11-27',40.50),('tk0195',465,'p092','ch096s10',47,'agent_025','sch0036','2023-09-02',46.50),('tk0196',470,'p094','ch097s25',118,'agent_014','sch0046','2023-10-12',47.00),('tk0197',330,'p099','ch098s01',33,'agent_012','sch0013','2023-11-13',33.00),('tk0198',490,'p095','ch099s09',123,'agent_015','sch0033','2023-11-13',49.00),('tk0199',455,'p083','ch100s09',46,NULL,'sch0016','2023-10-07',45.50);
/*!40000 ALTER TABLE `ticket` ENABLE KEYS */;
UNLOCK TABLES;

--
-- Table structure for table `trains`
--

DROP TABLE IF EXISTS `trains`;
/*!40101 SET @saved_cs_client     = @@character_set_client */;
/*!50503 SET character_set_client = utf8mb4 */;
CREATE TABLE `trains` (
  `train_id` varchar(20) NOT NULL,
  `train_name` varchar(100) DEFAULT NULL,
  PRIMARY KEY (`train_id`)
) ENGINE=InnoDB DEFAULT CHARSET=utf8mb4 COLLATE=utf8mb4_0900_ai_ci;
/*!40101 SET character_set_client = @saved_cs_client */;

--
-- Dumping data for table `trains`
--

LOCK TABLES `trains` WRITE;
/*!40000 ALTER TABLE `trains` DISABLE KEYS */;
INSERT INTO `trains` VALUES ('t001','Local_1'),('t002','Express_2'),('t003','SuperFast_2'),('t004','Local_2'),('t005','Express_3'),('t006','SuperFast_3'),('t007','Local_3'),('t008','Express_4'),('t009','SuperFast_4'),('t010','Local_4'),('t011','Express_5'),('t012','SuperFast_5'),('t013','Local_5'),('t014','Express_6'),('t015','SuperFast_6'),('t016','Local_6'),('t017','Express_7'),('t018','SuperFast_7'),('t019','Local_7'),('t020','Express_8');
/*!40000 ALTER TABLE `trains` ENABLE KEYS */;
UNLOCK TABLES;

--
-- Table structure for table `travel_agent`
--

DROP TABLE IF EXISTS `travel_agent`;
/*!40101 SET @saved_cs_client     = @@character_set_client */;
/*!50503 SET character_set_client = utf8mb4 */;
CREATE TABLE `travel_agent` (
  `agent_id` varchar(20) NOT NULL,
  `agent_name` varchar(20) DEFAULT NULL,
  `contact` int DEFAULT NULL,
  `confirmed_booking` int DEFAULT NULL,
  PRIMARY KEY (`agent_id`)
) ENGINE=InnoDB DEFAULT CHARSET=utf8mb4 COLLATE=utf8mb4_0900_ai_ci;
/*!40101 SET character_set_client = @saved_cs_client */;

--
-- Dumping data for table `travel_agent`
--

LOCK TABLES `travel_agent` WRITE;
/*!40000 ALTER TABLE `travel_agent` DISABLE KEYS */;
INSERT INTO `travel_agent` VALUES ('agent_001','Aarav Sharma',2147483647,15),('agent_002','Beena Patel',2147483647,6),('agent_003','Chetan Singh',2147483647,3),('agent_004','Disha Kapoor',2147483647,2),('agent_005','Ekta Desai',2147483647,11),('agent_006','Farhan Joshi',2147483647,6),('agent_007','Gargi Khanna',2147483647,5),('agent_008','Hemant Gupta',2109876543,4),('agent_009','Ishita Choudhury',1098765432,8),('agent_010','Jai Verma',2147483647,6),('agent_011','Kavya Iyer',2147483647,3),('agent_012','Lalit Mehta',2147483647,1),('agent_013','Meera Reddy',2147483647,3),('agent_014','Nehal Agarwal',2147483647,0),('agent_015','Om Kumar',2147483647,4),('agent_016','Prisha Sharma',2147483647,4),('agent_017','Quadir Dixit',2147483647,3),('agent_018','Ria Nair',1100998877,4),('agent_019','Sahil Malhotra',2147483647,5),('agent_020','Sanya Kapoor',2147483647,7),('agent_021','Tejas Kumar',2147483647,3),('agent_022','Uma Singh',2147483647,4),('agent_023','Veer Sharma',2147483647,4),('agent_024','Vidya Bhat',2147483647,3),('agent_025','Yash Patel',2147483647,6);
/*!40000 ALTER TABLE `travel_agent` ENABLE KEYS */;
UNLOCK TABLES;
/*!40103 SET TIME_ZONE=@OLD_TIME_ZONE */;

/*!40101 SET SQL_MODE=@OLD_SQL_MODE */;
/*!40014 SET FOREIGN_KEY_CHECKS=@OLD_FOREIGN_KEY_CHECKS */;
/*!40014 SET UNIQUE_CHECKS=@OLD_UNIQUE_CHECKS */;
/*!40101 SET CHARACTER_SET_CLIENT=@OLD_CHARACTER_SET_CLIENT */;
/*!40101 SET CHARACTER_SET_RESULTS=@OLD_CHARACTER_SET_RESULTS */;
/*!40101 SET COLLATION_CONNECTION=@OLD_COLLATION_CONNECTION */;
/*!40111 SET SQL_NOTES=@OLD_SQL_NOTES */;

-- Dump completed on 2023-11-15 19:31:38
